numdep,circ,parti,score
01,1.0,l_C,33.89
01,1.0,l_D,26.78
01,1.0,l_ED,15.46
01,1.0,l_EG,13.48
01,1.0,l_G,9.23
01,1.0,l_autre,1.15
01,2.0,l_C,35.9
01,2.0,l_D,24.52
01,2.0,l_ED,19.08
01,2.0,l_EG,19.18
01,2.0,l_autre,1.31
01,3.0,l_C,45.3
01,3.0,l_D,21.41
01,3.0,l_ED,11.2
01,3.0,l_EG,15.11
01,3.0,l_G,4.49
01,3.0,l_autre,2.49
01,4.0,l_C,36.0
01,4.0,l_D,16.68
01,4.0,l_ED,20.51
01,4.0,l_EG,12.46
01,4.0,l_G,4.71
01,4.0,l_autre,9.65
01,5.0,l_C,25.13
01,5.0,l_D,35.0
01,5.0,l_ED,17.13
01,5.0,l_EG,16.19
01,5.0,l_G,2.83
01,5.0,l_autre,3.7
02,1.0,l_C,28.79
02,1.0,l_D,16.2
02,1.0,l_ED,27.54
02,1.0,l_EG,12.07
02,1.0,l_G,13.92
02,1.0,l_autre,1.49
02,2.0,l_D,36.48
02,2.0,l_ED,27.0
02,2.0,l_EG,16.07
02,2.0,l_G,7.54
02,2.0,l_autre,12.9
02,3.0,l_C,18.1
02,3.0,l_D,15.22
02,3.0,l_ED,29.42
02,3.0,l_EG,12.87
02,3.0,l_G,23.76
02,3.0,l_autre,0.65
02,4.0,l_C,28.07
02,4.0,l_D,20.2
02,4.0,l_ED,24.17
02,4.0,l_EG,18.82
02,4.0,l_G,7.96
02,4.0,l_autre,0.78
02,5.0,l_C,35.97
02,5.0,l_D,8.17
02,5.0,l_ED,27.53
02,5.0,l_EG,17.33
02,5.0,l_autre,11.0
03,1.0,l_C,29.05
03,1.0,l_D,20.25
03,1.0,l_ED,12.26
03,1.0,l_EG,25.63
03,1.0,l_G,11.81
03,1.0,l_autre,1.0
03,2.0,l_C,26.11
03,2.0,l_D,24.31
03,2.0,l_ED,12.19
03,2.0,l_EG,24.15
03,2.0,l_G,11.39
03,2.0,l_autre,1.84
03,3.0,l_C,34.44
03,3.0,l_D,19.77
03,3.0,l_ED,16.03
03,3.0,l_EG,14.43
03,3.0,l_G,14.03
03,3.0,l_autre,1.28
04,1.0,l_C,34.22
04,1.0,l_D,3.94
04,1.0,l_ED,21.88
04,1.0,l_EG,27.25
04,1.0,l_G,2.77
04,1.0,l_autre,9.94
04,2.0,l_C,44.04
04,2.0,l_D,15.98
04,2.0,l_ED,15.15
04,2.0,l_EG,22.08
04,2.0,l_G,1.11
04,2.0,l_autre,1.62
05,1.0,l_C,31.93
05,1.0,l_D,15.98
05,1.0,l_ED,13.58
05,1.0,l_EG,18.39
05,1.0,l_G,11.45
05,1.0,l_autre,8.67
05,2.0,l_C,44.26
05,2.0,l_D,12.97
05,2.0,l_ED,10.69
05,2.0,l_EG,20.17
05,2.0,l_autre,11.9
06,1.0,l_C,32.35
06,1.0,l_D,35.51
06,1.0,l_ED,13.26
06,1.0,l_EG,14.42
06,1.0,l_G,3.35
06,1.0,l_autre,1.11
06,2.0,l_C,35.34
06,2.0,l_D,0.47
06,2.0,l_ED,24.45
06,2.0,l_EG,17.88
06,2.0,l_autre,21.86
06,3.0,l_C,31.91
06,3.0,l_D,3.87
06,3.0,l_ED,23.1
06,3.0,l_EG,14.33
06,3.0,l_G,3.22
06,3.0,l_autre,23.57
06,4.0,l_C,28.23
06,4.0,l_D,20.64
06,4.0,l_ED,26.73
06,4.0,l_EG,17.2
06,4.0,l_autre,7.19
06,5.0,l_D,34.54
06,5.0,l_ED,25.64
06,5.0,l_EG,14.58
06,5.0,l_G,3.84
06,5.0,l_autre,21.42
06,6.0,l_C,33.04
06,6.0,l_D,27.45
06,6.0,l_ED,23.16
06,6.0,l_EG,11.98
06,6.0,l_G,1.56
06,6.0,l_autre,2.82
06,7.0,l_C,32.08
06,7.0,l_D,33.39
06,7.0,l_ED,17.32
06,7.0,l_EG,16.04
06,7.0,l_G,0.51
06,7.0,l_autre,0.66
06,8.0,l_C,31.21
06,8.0,l_D,31.58
06,8.0,l_ED,22.0
06,8.0,l_EG,12.78
06,8.0,l_G,1.85
06,8.0,l_autre,0.58
06,9.0,l_C,34.5
06,9.0,l_D,29.25
06,9.0,l_ED,19.94
06,9.0,l_EG,13.26
06,9.0,l_G,2.04
06,9.0,l_autre,1.0
07,1.0,l_C,23.61
07,1.0,l_ED,16.79
07,1.0,l_EG,23.1
07,1.0,l_G,19.04
07,1.0,l_autre,17.47
07,2.0,l_C,25.96
07,2.0,l_D,20.16
07,2.0,l_ED,14.58
07,2.0,l_EG,15.27
07,2.0,l_G,23.54
07,2.0,l_autre,0.49
07,3.0,l_C,25.11
07,3.0,l_D,21.04
07,3.0,l_ED,13.61
07,3.0,l_EG,21.44
07,3.0,l_G,18.09
07,3.0,l_autre,0.72
08,1.0,l_C,23.17
08,1.0,l_D,37.79
08,1.0,l_ED,21.07
08,1.0,l_EG,16.09
08,1.0,l_autre,1.88
08,2.0,l_C,22.48
08,2.0,l_D,25.86
08,2.0,l_ED,19.45
08,2.0,l_EG,15.1
08,2.0,l_G,16.54
08,2.0,l_autre,0.55
08,3.0,l_C,14.51
08,3.0,l_D,46.19
08,3.0,l_ED,17.56
08,3.0,l_EG,11.97
08,3.0,l_G,9.25
08,3.0,l_autre,0.5
09,1.0,l_C,31.35
09,1.0,l_D,5.34
09,1.0,l_ED,11.97
09,1.0,l_EG,29.69
09,1.0,l_G,13.54
09,1.0,l_autre,8.12
09,2.0,l_C,25.72
09,2.0,l_D,14.61
09,2.0,l_ED,14.79
09,2.0,l_EG,25.58
09,2.0,l_G,17.65
09,2.0,l_autre,1.64
10,1.0,l_C,29.86
10,1.0,l_D,26.7
10,1.0,l_ED,24.89
10,1.0,l_EG,13.83
10,1.0,l_autre,4.72
10,2.0,l_C,30.42
10,2.0,l_D,30.7
10,2.0,l_ED,21.74
10,2.0,l_EG,12.1
10,2.0,l_G,3.07
10,2.0,l_autre,1.98
10,3.0,l_C,32.38
10,3.0,l_D,23.45
10,3.0,l_ED,23.17
10,3.0,l_EG,14.94
10,3.0,l_G,5.12
10,3.0,l_autre,0.94
11,1.0,l_C,27.49
11,1.0,l_D,9.6
11,1.0,l_ED,24.62
11,1.0,l_EG,18.86
11,1.0,l_G,15.71
11,1.0,l_autre,3.72
11,2.0,l_C,27.32
11,2.0,l_D,16.64
11,2.0,l_ED,22.61
11,2.0,l_EG,18.15
11,2.0,l_G,14.13
11,2.0,l_autre,1.13
11,3.0,l_C,29.11
11,3.0,l_D,10.68
11,3.0,l_ED,18.54
11,3.0,l_EG,21.34
11,3.0,l_G,19.57
11,3.0,l_autre,0.75
12,1.0,l_C,45.92
12,1.0,l_D,22.83
12,1.0,l_ED,7.43
12,1.0,l_EG,15.14
12,1.0,l_G,8.21
12,1.0,l_autre,0.46
12,2.0,l_C,38.72
12,2.0,l_D,20.18
12,2.0,l_ED,7.99
12,2.0,l_EG,21.15
12,2.0,l_G,11.36
12,2.0,l_autre,0.6
12,3.0,l_C,32.54
12,3.0,l_D,36.02
12,3.0,l_ED,9.77
12,3.0,l_EG,18.59
12,3.0,l_G,2.63
12,3.0,l_autre,0.44
13,1.0,l_C,29.43
13,1.0,l_D,24.97
13,1.0,l_ED,21.68
13,1.0,l_EG,18.34
13,1.0,l_G,3.46
13,1.0,l_autre,2.11
13,2.0,l_C,36.49
13,2.0,l_D,25.22
13,2.0,l_ED,14.73
13,2.0,l_EG,19.32
13,2.0,l_G,3.37
13,2.0,l_autre,0.87
13,3.0,l_C,24.89
13,3.0,l_D,12.91
13,3.0,l_ED,33.42
13,3.0,l_EG,22.64
13,3.0,l_G,5.15
13,3.0,l_autre,0.96
13,4.0,l_C,22.66
13,4.0,l_D,10.63
13,4.0,l_ED,11.97
13,4.0,l_EG,36.69
13,4.0,l_G,14.68
13,4.0,l_autre,3.39
13,5.0,l_C,29.0
13,5.0,l_D,22.72
13,5.0,l_ED,15.46
13,5.0,l_EG,30.13
13,5.0,l_G,1.78
13,5.0,l_autre,0.91
13,6.0,l_C,33.15
13,6.0,l_D,25.86
13,6.0,l_ED,19.99
13,6.0,l_EG,19.96
13,6.0,l_G,0.41
13,6.0,l_autre,0.63
13,7.0,l_C,19.86
13,7.0,l_ED,24.8
13,7.0,l_EG,28.93
13,7.0,l_G,19.63
13,7.0,l_autre,6.79
13,8.0,l_C,34.25
13,8.0,l_D,15.59
13,8.0,l_ED,26.01
13,8.0,l_EG,17.63
13,8.0,l_G,4.49
13,8.0,l_autre,2.03
13,9.0,l_C,30.74
13,9.0,l_D,23.77
13,9.0,l_ED,20.14
13,9.0,l_EG,18.42
13,9.0,l_G,4.37
13,9.0,l_autre,2.55
13,10.0,l_C,32.47
13,10.0,l_D,7.29
13,10.0,l_ED,24.32
13,10.0,l_EG,20.19
13,10.0,l_G,2.06
13,10.0,l_autre,13.68
13,11.0,l_C,35.21
13,11.0,l_D,19.6
13,11.0,l_ED,19.43
13,11.0,l_EG,23.27
13,11.0,l_G,0.5
13,11.0,l_autre,1.98
13,12.0,l_C,23.67
13,12.0,l_D,24.65
13,12.0,l_ED,27.9
13,12.0,l_EG,18.99
13,12.0,l_G,3.17
13,12.0,l_autre,1.6
13,13.0,l_C,23.95
13,13.0,l_D,9.04
13,13.0,l_ED,25.96
13,13.0,l_EG,35.35
13,13.0,l_G,1.9
13,13.0,l_autre,3.81
13,14.0,l_C,37.18
13,14.0,l_D,19.22
13,14.0,l_ED,14.79
13,14.0,l_EG,16.36
13,14.0,l_G,9.94
13,14.0,l_autre,2.49
13,15.0,l_C,30.75
13,15.0,l_D,26.02
13,15.0,l_ED,22.97
13,15.0,l_EG,18.56
13,15.0,l_autre,1.69
13,16.0,l_C,27.0
13,16.0,l_D,13.64
13,16.0,l_ED,29.97
13,16.0,l_EG,19.46
13,16.0,l_G,5.82
13,16.0,l_autre,4.13
14,1.0,l_C,38.61
14,1.0,l_D,0.4
14,1.0,l_ED,8.53
14,1.0,l_EG,22.97
14,1.0,l_G,12.29
14,1.0,l_autre,17.21
14,2.0,l_C,34.31
14,2.0,l_D,9.93
14,2.0,l_ED,11.13
14,2.0,l_EG,22.52
14,2.0,l_G,20.76
14,2.0,l_autre,1.35
14,3.0,l_C,29.7
14,3.0,l_D,20.79
14,3.0,l_ED,18.75
14,3.0,l_EG,13.64
14,3.0,l_G,16.43
14,3.0,l_autre,0.69
14,4.0,l_C,39.72
14,4.0,l_D,23.8
14,4.0,l_ED,13.68
14,4.0,l_EG,15.94
14,4.0,l_G,6.02
14,4.0,l_autre,0.86
14,5.0,l_C,38.95
14,5.0,l_D,23.15
14,5.0,l_ED,14.1
14,5.0,l_EG,4.52
14,5.0,l_G,18.74
14,5.0,l_autre,0.54
14,6.0,l_C,37.01
14,6.0,l_D,12.63
14,6.0,l_ED,15.66
14,6.0,l_EG,17.55
14,6.0,l_G,4.53
14,6.0,l_autre,12.61
15,1.0,l_C,36.65
15,1.0,l_D,37.19
15,1.0,l_ED,6.47
15,1.0,l_EG,19.27
15,1.0,l_autre,0.42
15,2.0,l_C,23.6
15,2.0,l_D,53.03
15,2.0,l_ED,7.55
15,2.0,l_EG,10.15
15,2.0,l_G,4.28
15,2.0,l_autre,1.4
16,1.0,l_C,38.0
16,1.0,l_D,15.43
16,1.0,l_ED,10.36
16,1.0,l_EG,22.72
16,1.0,l_G,12.33
16,1.0,l_autre,1.15
16,2.0,l_C,36.09
16,2.0,l_D,16.21
16,2.0,l_ED,14.25
16,2.0,l_EG,17.56
16,2.0,l_G,9.96
16,2.0,l_autre,5.92
16,3.0,l_C,28.54
16,3.0,l_ED,14.58
16,3.0,l_EG,19.35
16,3.0,l_G,21.26
16,3.0,l_autre,16.27
17,1.0,l_C,26.99
17,1.0,l_D,9.83
17,1.0,l_ED,7.03
17,1.0,l_EG,17.75
17,1.0,l_G,36.54
17,1.0,l_autre,1.86
17,2.0,l_C,38.48
17,2.0,l_D,19.38
17,2.0,l_ED,13.78
17,2.0,l_EG,24.49
17,2.0,l_G,0.1
17,2.0,l_autre,3.77
17,3.0,l_C,28.77
17,3.0,l_D,15.91
17,3.0,l_ED,14.79
17,3.0,l_EG,16.53
17,3.0,l_G,19.93
17,3.0,l_autre,4.07
17,4.0,l_C,33.85
17,4.0,l_D,22.2
17,4.0,l_ED,18.75
17,4.0,l_EG,16.78
17,4.0,l_G,7.75
17,4.0,l_autre,0.67
17,5.0,l_D,23.78
17,5.0,l_ED,17.12
17,5.0,l_EG,13.81
17,5.0,l_G,13.59
17,5.0,l_autre,31.71
18,1.0,l_C,36.3
18,1.0,l_D,20.68
18,1.0,l_ED,13.93
18,1.0,l_EG,18.0
18,1.0,l_G,7.0
18,1.0,l_autre,4.09
18,2.0,l_C,33.26
18,2.0,l_D,13.78
18,2.0,l_ED,16.42
18,2.0,l_EG,29.0
18,2.0,l_G,3.75
18,2.0,l_autre,3.8
18,3.0,l_C,32.76
18,3.0,l_D,0.4
18,3.0,l_ED,18.54
18,3.0,l_EG,16.15
18,3.0,l_G,19.41
18,3.0,l_autre,12.74
19,1.0,l_C,32.51
19,1.0,l_D,15.19
19,1.0,l_ED,10.64
19,1.0,l_EG,23.06
19,1.0,l_G,17.92
19,1.0,l_autre,0.69
19,2.0,l_C,30.63
19,2.0,l_D,27.85
19,2.0,l_ED,10.88
19,2.0,l_EG,15.87
19,2.0,l_G,14.14
19,2.0,l_autre,0.64
21,1.0,l_C,36.08
21,1.0,l_D,24.13
21,1.0,l_ED,9.76
21,1.0,l_EG,18.07
21,1.0,l_G,9.82
21,1.0,l_autre,2.13
21,2.0,l_C,32.57
21,2.0,l_D,28.17
21,2.0,l_ED,13.93
21,2.0,l_EG,18.93
21,2.0,l_G,5.73
21,2.0,l_autre,0.67
21,3.0,l_C,32.01
21,3.0,l_D,14.68
21,3.0,l_ED,17.23
21,3.0,l_EG,19.9
21,3.0,l_G,15.0
21,3.0,l_autre,1.17
21,4.0,l_C,25.88
21,4.0,l_D,35.51
21,4.0,l_ED,14.04
21,4.0,l_EG,15.07
21,4.0,l_G,8.33
21,4.0,l_autre,1.18
21,5.0,l_C,37.15
21,5.0,l_D,24.89
21,5.0,l_ED,17.14
21,5.0,l_EG,15.27
21,5.0,l_G,4.69
21,5.0,l_autre,0.86
22,1.0,l_C,41.2
22,1.0,l_D,11.11
22,1.0,l_ED,7.4
22,1.0,l_EG,22.88
22,1.0,l_G,13.82
22,1.0,l_autre,3.58
22,2.0,l_C,38.85
22,2.0,l_D,20.35
22,2.0,l_ED,9.59
22,2.0,l_EG,16.42
22,2.0,l_G,12.47
22,2.0,l_autre,2.34
22,3.0,l_C,37.26
22,3.0,l_D,38.52
22,3.0,l_ED,6.76
22,3.0,l_EG,15.93
22,3.0,l_autre,1.52
22,4.0,l_C,34.5
22,4.0,l_D,7.28
22,4.0,l_ED,9.46
22,4.0,l_EG,26.96
22,4.0,l_G,18.12
22,4.0,l_autre,3.7
22,5.0,l_C,41.07
22,5.0,l_D,0.87
22,5.0,l_ED,7.98
22,5.0,l_EG,21.45
22,5.0,l_G,8.67
22,5.0,l_autre,19.94
23,1.0,l_C,33.19
23,1.0,l_D,17.99
23,1.0,l_ED,11.95
23,1.0,l_EG,20.14
23,1.0,l_G,16.28
23,1.0,l_autre,0.46
24,1.0,l_C,34.59
24,1.0,l_D,14.49
24,1.0,l_ED,13.77
24,1.0,l_EG,25.69
24,1.0,l_G,10.78
24,1.0,l_autre,0.68
24,2.0,l_C,34.73
24,2.0,l_D,13.85
24,2.0,l_ED,17.68
24,2.0,l_EG,32.89
24,2.0,l_autre,0.85
24,3.0,l_C,30.49
24,3.0,l_D,15.07
24,3.0,l_ED,12.66
24,3.0,l_EG,17.9
24,3.0,l_G,22.93
24,3.0,l_autre,0.94
24,4.0,l_C,30.92
24,4.0,l_D,19.0
24,4.0,l_ED,10.62
24,4.0,l_EG,20.5
24,4.0,l_G,16.24
24,4.0,l_autre,2.72
25,1.0,l_C,29.87
25,1.0,l_D,19.47
25,1.0,l_ED,12.5
25,1.0,l_EG,15.02
25,1.0,l_G,16.04
25,1.0,l_autre,7.09
25,2.0,l_D,20.98
25,2.0,l_ED,12.96
25,2.0,l_EG,64.16
25,2.0,l_autre,1.9
25,3.0,l_C,33.83
25,3.0,l_D,25.05
25,3.0,l_ED,20.01
25,3.0,l_EG,14.34
25,3.0,l_G,5.98
25,3.0,l_autre,0.8
25,4.0,l_C,37.47
25,4.0,l_D,17.32
25,4.0,l_ED,26.5
25,4.0,l_EG,17.57
25,4.0,l_autre,1.14
25,5.0,l_C,33.09
25,5.0,l_D,38.49
25,5.0,l_ED,10.61
25,5.0,l_EG,16.24
25,5.0,l_autre,1.56
26,1.0,l_C,29.24
26,1.0,l_D,18.86
26,1.0,l_ED,13.96
26,1.0,l_EG,18.38
26,1.0,l_G,11.94
26,1.0,l_autre,7.61
26,2.0,l_C,34.94
26,2.0,l_D,3.95
26,2.0,l_ED,21.17
26,2.0,l_EG,20.48
26,2.0,l_G,3.55
26,2.0,l_autre,15.92
26,3.0,l_C,32.96
26,3.0,l_D,19.68
26,3.0,l_ED,14.51
26,3.0,l_EG,24.56
26,3.0,l_G,7.64
26,3.0,l_autre,0.65
26,4.0,l_C,22.34
26,4.0,l_D,23.74
26,4.0,l_ED,17.54
26,4.0,l_EG,17.8
26,4.0,l_G,17.23
26,4.0,l_autre,1.34
27,1.0,l_C,44.46
27,1.0,l_D,6.16
27,1.0,l_ED,23.09
27,1.0,l_EG,20.78
27,1.0,l_G,0.1
27,1.0,l_autre,5.41
27,2.0,l_C,34.92
27,2.0,l_D,20.08
27,2.0,l_ED,19.54
27,2.0,l_EG,18.74
27,2.0,l_G,2.9
27,2.0,l_autre,3.84
27,3.0,l_C,30.26
27,3.0,l_D,8.5
27,3.0,l_ED,21.47
27,3.0,l_EG,17.25
27,3.0,l_G,5.78
27,3.0,l_autre,16.75
27,4.0,l_C,33.3
27,4.0,l_ED,23.71
27,4.0,l_EG,19.64
27,4.0,l_G,7.52
27,4.0,l_autre,15.84
27,5.0,l_C,28.55
27,5.0,l_D,20.84
27,5.0,l_ED,24.7
27,5.0,l_EG,15.29
27,5.0,l_G,7.63
27,5.0,l_autre,2.99
28,1.0,l_C,37.12
28,1.0,l_D,25.16
28,1.0,l_ED,15.22
28,1.0,l_EG,14.9
28,1.0,l_G,6.54
28,1.0,l_autre,1.08
28,2.0,l_C,29.24
28,2.0,l_D,29.84
28,2.0,l_ED,20.4
28,2.0,l_EG,15.37
28,2.0,l_G,3.72
28,2.0,l_autre,1.44
28,3.0,l_D,31.91
28,3.0,l_ED,19.46
28,3.0,l_EG,15.41
28,3.0,l_G,32.68
28,3.0,l_autre,0.53
28,4.0,l_C,20.43
28,4.0,l_D,1.54
28,4.0,l_ED,17.35
28,4.0,l_EG,10.08
28,4.0,l_G,7.38
28,4.0,l_autre,43.22
29,1.0,l_C,38.21
29,1.0,l_D,2.2
29,1.0,l_ED,8.1
29,1.0,l_EG,16.42
29,1.0,l_G,20.59
29,1.0,l_autre,14.5
29,2.0,l_C,39.99
29,2.0,l_D,13.21
29,2.0,l_ED,7.27
29,2.0,l_EG,20.79
29,2.0,l_G,14.84
29,2.0,l_autre,3.9
29,3.0,l_C,44.01
29,3.0,l_D,11.58
29,3.0,l_ED,9.02
29,3.0,l_EG,13.69
29,3.0,l_G,18.37
29,3.0,l_autre,3.34
29,4.0,l_C,30.25
29,4.0,l_D,28.53
29,4.0,l_ED,6.2
29,4.0,l_EG,19.61
29,4.0,l_G,12.25
29,4.0,l_autre,3.17
29,5.0,l_C,35.78
29,5.0,l_D,21.53
29,5.0,l_ED,7.94
29,5.0,l_EG,15.36
29,5.0,l_G,15.48
29,5.0,l_autre,3.91
29,6.0,l_C,33.93
29,6.0,l_D,18.1
29,6.0,l_ED,8.55
29,6.0,l_EG,22.1
29,6.0,l_G,0.6
29,6.0,l_autre,16.72
29,7.0,l_C,38.08
29,7.0,l_D,16.98
29,7.0,l_ED,6.68
29,7.0,l_EG,19.84
29,7.0,l_G,9.8
29,7.0,l_autre,8.61
29,8.0,l_C,33.42
29,8.0,l_D,12.19
29,8.0,l_ED,10.99
29,8.0,l_EG,20.81
29,8.0,l_G,18.7
29,8.0,l_autre,3.89
2A,1.0,l_C,21.46
2A,1.0,l_D,33.5
2A,1.0,l_ED,12.81
2A,1.0,l_EG,10.13
2A,1.0,l_autre,22.1
2A,2.0,l_C,24.8
2A,2.0,l_D,35.99
2A,2.0,l_EG,9.25
2A,2.0,l_autre,29.96
2B,1.0,l_C,20.64
2B,1.0,l_D,21.73
2B,1.0,l_ED,5.56
2B,1.0,l_EG,9.9
2B,1.0,l_G,8.4
2B,1.0,l_autre,33.76
2B,2.0,l_C,23.41
2B,2.0,l_D,27.48
2B,2.0,l_ED,3.94
2B,2.0,l_EG,6.98
2B,2.0,l_G,1.2
2B,2.0,l_autre,37.01
30,1.0,l_C,28.43
30,1.0,l_ED,29.83
30,1.0,l_EG,20.89
30,1.0,l_G,3.19
30,1.0,l_autre,17.67
30,2.0,l_C,32.16
30,2.0,l_D,14.22
30,2.0,l_ED,34.09
30,2.0,l_EG,18.16
30,2.0,l_autre,1.38
30,3.0,l_C,33.93
30,3.0,l_D,15.16
30,3.0,l_ED,24.05
30,3.0,l_EG,18.91
30,3.0,l_G,7.14
30,3.0,l_autre,0.81
30,4.0,l_C,24.41
30,4.0,l_D,11.84
30,4.0,l_ED,21.44
30,4.0,l_EG,24.35
30,4.0,l_G,17.19
30,4.0,l_autre,0.78
30,5.0,l_C,32.76
30,5.0,l_D,10.41
30,5.0,l_ED,20.63
30,5.0,l_EG,29.15
30,5.0,l_G,6.35
30,5.0,l_autre,0.7
30,6.0,l_C,33.52
30,6.0,l_D,14.01
30,6.0,l_ED,23.54
30,6.0,l_EG,28.22
30,6.0,l_G,0.01
30,6.0,l_autre,0.7
31,1.0,l_C,33.7
31,1.0,l_D,13.0
31,1.0,l_ED,7.77
31,1.0,l_EG,27.86
31,1.0,l_G,15.12
31,1.0,l_autre,2.53
31,2.0,l_C,37.61
31,2.0,l_D,11.31
31,2.0,l_ED,10.67
31,2.0,l_EG,25.34
31,2.0,l_G,14.38
31,2.0,l_autre,0.69
31,3.0,l_C,39.61
31,3.0,l_D,22.27
31,3.0,l_ED,6.6
31,3.0,l_EG,19.89
31,3.0,l_G,9.35
31,3.0,l_autre,2.28
31,4.0,l_C,36.07
31,4.0,l_D,13.39
31,4.0,l_ED,6.74
31,4.0,l_EG,29.75
31,4.0,l_G,11.04
31,4.0,l_autre,3.01
31,5.0,l_C,37.66
31,5.0,l_ED,16.67
31,5.0,l_EG,21.14
31,5.0,l_G,11.15
31,5.0,l_autre,13.36
31,6.0,l_C,39.54
31,6.0,l_D,10.47
31,6.0,l_ED,12.5
31,6.0,l_EG,21.53
31,6.0,l_G,12.74
31,6.0,l_autre,3.23
31,7.0,l_C,37.41
31,7.0,l_D,8.73
31,7.0,l_ED,18.32
31,7.0,l_EG,22.97
31,7.0,l_G,9.73
31,7.0,l_autre,2.84
31,8.0,l_C,33.35
31,8.0,l_ED,16.65
31,8.0,l_EG,20.89
31,8.0,l_G,17.78
31,8.0,l_autre,11.33
31,9.0,l_C,36.96
31,9.0,l_D,8.93
31,9.0,l_ED,10.64
31,9.0,l_EG,27.49
31,9.0,l_G,14.05
31,9.0,l_autre,1.92
31,10.0,l_C,39.31
31,10.0,l_D,11.41
31,10.0,l_ED,9.7
31,10.0,l_EG,22.26
31,10.0,l_G,7.82
31,10.0,l_autre,9.48
32,1.0,l_C,32.99
32,1.0,l_ED,11.17
32,1.0,l_EG,19.02
32,1.0,l_G,16.98
32,1.0,l_autre,19.84
32,2.0,l_C,24.36
32,2.0,l_D,22.11
32,2.0,l_ED,12.76
32,2.0,l_EG,15.7
32,2.0,l_G,23.68
32,2.0,l_autre,1.38
33,1.0,l_C,43.95
33,1.0,l_D,20.91
33,1.0,l_ED,6.81
33,1.0,l_EG,18.57
33,1.0,l_G,7.67
33,1.0,l_autre,2.07
33,2.0,l_C,39.78
33,2.0,l_D,17.01
33,2.0,l_ED,4.5
33,2.0,l_EG,25.1
33,2.0,l_G,11.95
33,2.0,l_autre,1.65
33,3.0,l_C,33.43
33,3.0,l_D,9.37
33,3.0,l_ED,8.89
33,3.0,l_EG,26.83
33,3.0,l_G,18.29
33,3.0,l_autre,3.19
33,4.0,l_C,31.59
33,4.0,l_ED,14.7
33,4.0,l_EG,22.24
33,4.0,l_G,16.31
33,4.0,l_autre,15.16
33,5.0,l_C,33.41
33,5.0,l_D,11.28
33,5.0,l_ED,18.93
33,5.0,l_EG,16.91
33,5.0,l_G,18.56
33,5.0,l_autre,0.92
33,6.0,l_C,44.13
33,6.0,l_ED,9.18
33,6.0,l_EG,19.81
33,6.0,l_G,14.06
33,6.0,l_autre,12.81
33,7.0,l_C,39.01
33,7.0,l_D,14.45
33,7.0,l_ED,8.0
33,7.0,l_EG,20.9
33,7.0,l_G,15.58
33,7.0,l_autre,2.06
33,8.0,l_C,40.38
33,8.0,l_D,26.37
33,8.0,l_ED,12.44
33,8.0,l_EG,15.04
33,8.0,l_G,5.18
33,8.0,l_autre,0.6
33,9.0,l_C,31.21
33,9.0,l_D,13.0
33,9.0,l_ED,14.45
33,9.0,l_EG,21.83
33,9.0,l_G,18.14
33,9.0,l_autre,1.39
33,10.0,l_C,40.27
33,10.0,l_D,15.52
33,10.0,l_ED,17.05
33,10.0,l_EG,17.8
33,10.0,l_G,4.94
33,10.0,l_autre,4.41
33,11.0,l_C,27.79
33,11.0,l_D,16.44
33,11.0,l_ED,25.57
33,11.0,l_EG,18.63
33,11.0,l_G,10.54
33,11.0,l_autre,1.02
33,12.0,l_C,37.44
33,12.0,l_D,15.41
33,12.0,l_ED,14.93
33,12.0,l_EG,24.07
33,12.0,l_G,7.42
33,12.0,l_autre,0.71
34,1.0,l_C,34.12
34,1.0,l_D,4.4
34,1.0,l_ED,18.89
34,1.0,l_EG,27.06
34,1.0,l_G,3.77
34,1.0,l_autre,11.76
34,2.0,l_C,28.58
34,2.0,l_D,11.36
34,2.0,l_ED,9.02
34,2.0,l_EG,31.35
34,2.0,l_G,15.46
34,2.0,l_autre,4.24
34,3.0,l_C,37.17
34,3.0,l_D,17.43
34,3.0,l_ED,14.12
34,3.0,l_EG,16.57
34,3.0,l_G,12.66
34,3.0,l_autre,2.05
34,4.0,l_C,31.49
34,4.0,l_D,15.42
34,4.0,l_ED,17.73
34,4.0,l_EG,24.32
34,4.0,l_G,9.92
34,4.0,l_autre,1.11
34,5.0,l_C,28.56
34,5.0,l_D,10.51
34,5.0,l_ED,22.08
34,5.0,l_EG,23.21
34,5.0,l_G,13.89
34,5.0,l_autre,1.75
34,6.0,l_C,24.72
34,6.0,l_D,18.28
34,6.0,l_ED,35.85
34,6.0,l_EG,14.32
34,6.0,l_G,5.29
34,6.0,l_autre,1.55
34,7.0,l_C,24.99
34,7.0,l_D,15.69
34,7.0,l_ED,27.13
34,7.0,l_EG,16.53
34,7.0,l_G,13.88
34,7.0,l_autre,1.76
34,8.0,l_C,31.26
34,8.0,l_D,9.93
34,8.0,l_ED,22.44
34,8.0,l_EG,22.14
34,8.0,l_G,12.2
34,8.0,l_autre,2.02
34,9.0,l_C,39.89
34,9.0,l_D,12.6
34,9.0,l_ED,22.36
34,9.0,l_EG,24.38
34,9.0,l_autre,0.77
35,1.0,l_C,34.7
35,1.0,l_D,1.29
35,1.0,l_ED,6.05
35,1.0,l_EG,23.13
35,1.0,l_G,15.25
35,1.0,l_autre,19.58
35,2.0,l_C,46.48
35,2.0,l_D,13.69
35,2.0,l_ED,5.0
35,2.0,l_EG,20.12
35,2.0,l_G,11.6
35,2.0,l_autre,3.1
35,3.0,l_D,15.14
35,3.0,l_ED,10.2
35,3.0,l_EG,25.97
35,3.0,l_G,46.78
35,3.0,l_autre,1.9
35,4.0,l_C,42.02
35,4.0,l_D,10.49
35,4.0,l_ED,12.94
35,4.0,l_EG,19.7
35,4.0,l_G,14.24
35,4.0,l_autre,0.6
35,5.0,l_C,40.59
35,5.0,l_D,30.23
35,5.0,l_ED,7.59
35,5.0,l_EG,15.21
35,5.0,l_G,5.45
35,5.0,l_autre,0.93
35,6.0,l_C,32.7
35,6.0,l_D,0.68
35,6.0,l_ED,11.33
35,6.0,l_EG,19.65
35,6.0,l_autre,35.64
35,7.0,l_C,36.61
35,7.0,l_D,35.73
35,7.0,l_ED,8.0
35,7.0,l_EG,9.41
35,7.0,l_G,7.55
35,7.0,l_autre,2.7
35,8.0,l_C,40.94
35,8.0,l_D,11.99
35,8.0,l_ED,4.65
35,8.0,l_EG,25.11
35,8.0,l_G,14.01
35,8.0,l_autre,3.3
36,1.0,l_C,37.16
36,1.0,l_D,16.04
36,1.0,l_ED,15.09
36,1.0,l_EG,17.81
36,1.0,l_G,13.38
36,1.0,l_autre,0.5
36,2.0,l_C,28.6
36,2.0,l_D,26.41
36,2.0,l_ED,15.01
36,2.0,l_EG,16.45
36,2.0,l_G,12.68
36,2.0,l_autre,0.86
37,1.0,l_C,36.29
37,1.0,l_D,17.78
37,1.0,l_ED,6.68
37,1.0,l_EG,22.35
37,1.0,l_G,15.14
37,1.0,l_autre,1.75
37,2.0,l_C,37.42
37,2.0,l_D,23.47
37,2.0,l_ED,11.9
37,2.0,l_EG,18.98
37,2.0,l_G,7.65
37,2.0,l_autre,0.58
37,3.0,l_D,11.25
37,3.0,l_ED,11.62
37,3.0,l_EG,27.63
37,3.0,l_G,28.54
37,3.0,l_autre,20.95
37,4.0,l_C,34.39
37,4.0,l_D,19.47
37,4.0,l_ED,11.91
37,4.0,l_EG,17.39
37,4.0,l_G,16.3
37,4.0,l_autre,0.55
37,5.0,l_C,38.57
37,5.0,l_D,22.01
37,5.0,l_ED,12.49
37,5.0,l_EG,20.89
37,5.0,l_G,5.17
37,5.0,l_autre,0.87
38,1.0,l_C,47.21
38,1.0,l_ED,6.28
38,1.0,l_EG,22.24
38,1.0,l_G,5.64
38,1.0,l_autre,18.61
38,2.0,l_C,39.6
38,2.0,l_D,9.56
38,2.0,l_ED,14.87
38,2.0,l_EG,27.43
38,2.0,l_G,6.72
38,2.0,l_autre,1.81
38,3.0,l_C,36.18
38,3.0,l_D,8.7
38,3.0,l_ED,11.12
38,3.0,l_EG,31.63
38,3.0,l_G,11.51
38,3.0,l_autre,0.87
38,4.0,l_C,33.33
38,4.0,l_D,14.42
38,4.0,l_ED,13.54
38,4.0,l_EG,18.59
38,4.0,l_G,19.32
38,4.0,l_autre,0.79
38,5.0,l_C,40.58
38,5.0,l_D,13.62
38,5.0,l_ED,13.32
38,5.0,l_EG,24.36
38,5.0,l_G,7.39
38,5.0,l_autre,0.74
38,6.0,l_C,32.4
38,6.0,l_D,18.06
38,6.0,l_ED,26.6
38,6.0,l_EG,16.1
38,6.0,l_G,6.22
38,6.0,l_autre,0.62
38,7.0,l_C,34.17
38,7.0,l_D,22.61
38,7.0,l_ED,20.91
38,7.0,l_EG,18.16
38,7.0,l_G,3.38
38,7.0,l_autre,0.77
38,8.0,l_C,32.33
38,8.0,l_D,17.54
38,8.0,l_ED,19.15
38,8.0,l_EG,15.43
38,8.0,l_G,14.45
38,8.0,l_autre,1.1
38,9.0,l_C,39.02
38,9.0,l_D,17.01
38,9.0,l_ED,15.29
38,9.0,l_EG,27.94
38,9.0,l_autre,0.74
38,10.0,l_C,34.38
38,10.0,l_D,15.4
38,10.0,l_ED,21.27
38,10.0,l_EG,17.8
38,10.0,l_G,10.5
38,10.0,l_autre,0.66
39,1.0,l_C,35.54
39,1.0,l_D,20.66
39,1.0,l_ED,15.89
39,1.0,l_EG,16.42
39,1.0,l_G,10.42
39,1.0,l_autre,1.06
39,2.0,l_C,27.24
39,2.0,l_D,34.9
39,2.0,l_ED,11.68
39,2.0,l_EG,20.37
39,2.0,l_G,2.73
39,2.0,l_autre,3.09
39,3.0,l_C,26.48
39,3.0,l_D,32.75
39,3.0,l_ED,16.91
39,3.0,l_EG,23.06
39,3.0,l_autre,0.81
40,1.0,l_C,43.34
40,1.0,l_D,11.96
40,1.0,l_ED,13.11
40,1.0,l_EG,17.59
40,1.0,l_G,13.46
40,1.0,l_autre,0.52
40,2.0,l_C,42.96
40,2.0,l_D,10.87
40,2.0,l_ED,11.67
40,2.0,l_EG,22.51
40,2.0,l_G,11.29
40,2.0,l_autre,0.71
40,3.0,l_C,34.15
40,3.0,l_D,2.5
40,3.0,l_ED,11.95
40,3.0,l_EG,18.09
40,3.0,l_G,25.33
40,3.0,l_autre,7.97
41,1.0,l_C,34.59
41,1.0,l_D,18.86
41,1.0,l_ED,15.04
41,1.0,l_EG,16.98
41,1.0,l_G,13.85
41,1.0,l_autre,0.68
41,2.0,l_C,28.78
41,2.0,l_D,31.66
41,2.0,l_ED,19.39
41,2.0,l_EG,14.85
41,2.0,l_G,4.95
41,2.0,l_autre,0.37
41,3.0,l_C,26.95
41,3.0,l_ED,14.73
41,3.0,l_EG,19.29
41,3.0,l_autre,39.03
42,1.0,l_C,34.81
42,1.0,l_D,0.0
42,1.0,l_ED,13.99
42,1.0,l_EG,13.46
42,1.0,l_G,20.5
42,1.0,l_autre,17.24
42,2.0,l_C,38.75
42,2.0,l_D,14.21
42,2.0,l_ED,13.64
42,2.0,l_EG,31.88
42,2.0,l_autre,1.52
42,3.0,l_C,33.19
42,3.0,l_D,2.23
42,3.0,l_ED,18.06
42,3.0,l_EG,16.64
42,3.0,l_G,7.2
42,3.0,l_autre,22.69
42,4.0,l_C,30.44
42,4.0,l_D,27.88
42,4.0,l_ED,17.34
42,4.0,l_EG,23.95
42,4.0,l_autre,0.39
42,5.0,l_C,34.11
42,5.0,l_D,24.78
42,5.0,l_ED,17.65
42,5.0,l_EG,16.46
42,5.0,l_G,4.94
42,5.0,l_autre,2.08
42,6.0,l_C,37.44
42,6.0,l_D,26.08
42,6.0,l_ED,19.11
42,6.0,l_EG,16.25
42,6.0,l_autre,1.13
43,1.0,l_C,31.07
43,1.0,l_D,40.89
43,1.0,l_ED,10.21
43,1.0,l_EG,12.96
43,1.0,l_G,4.53
43,1.0,l_autre,0.34
43,2.0,l_C,27.45
43,2.0,l_D,41.9
43,2.0,l_ED,9.04
43,2.0,l_EG,17.07
43,2.0,l_G,3.92
43,2.0,l_autre,0.61
44,1.0,l_C,45.34
44,1.0,l_D,19.75
44,1.0,l_ED,5.52
44,1.0,l_EG,25.38
44,1.0,l_G,1.62
44,1.0,l_autre,2.4
44,2.0,l_C,39.78
44,2.0,l_D,13.95
44,2.0,l_ED,4.79
44,2.0,l_EG,27.0
44,2.0,l_G,12.24
44,2.0,l_autre,2.23
44,3.0,l_C,38.65
44,3.0,l_D,9.34
44,3.0,l_ED,7.87
44,3.0,l_EG,25.63
44,3.0,l_G,14.66
44,3.0,l_autre,3.85
44,4.0,l_C,39.2
44,4.0,l_D,0.62
44,4.0,l_ED,6.97
44,4.0,l_EG,25.38
44,4.0,l_G,17.14
44,4.0,l_autre,10.7
44,5.0,l_C,41.35
44,5.0,l_D,0.75
44,5.0,l_ED,7.71
44,5.0,l_EG,19.6
44,5.0,l_G,14.5
44,5.0,l_autre,16.1
44,6.0,l_C,39.93
44,6.0,l_D,25.15
44,6.0,l_ED,10.0
44,6.0,l_EG,15.17
44,6.0,l_G,6.9
44,6.0,l_autre,2.85
44,7.0,l_C,42.92
44,7.0,l_D,20.67
44,7.0,l_ED,10.32
44,7.0,l_EG,17.25
44,7.0,l_G,5.49
44,7.0,l_autre,3.35
44,8.0,l_C,38.44
44,8.0,l_D,8.01
44,8.0,l_ED,10.38
44,8.0,l_EG,23.46
44,8.0,l_G,15.25
44,8.0,l_autre,4.46
44,9.0,l_C,36.9
44,9.0,l_D,15.27
44,9.0,l_ED,11.84
44,9.0,l_EG,18.37
44,9.0,l_G,16.03
44,9.0,l_autre,1.6
44,10.0,l_C,44.92
44,10.0,l_D,20.36
44,10.0,l_ED,8.74
44,10.0,l_EG,23.55
44,10.0,l_autre,2.43
45,1.0,l_C,44.67
45,1.0,l_D,18.94
45,1.0,l_ED,12.04
45,1.0,l_EG,13.45
45,1.0,l_G,8.68
45,1.0,l_autre,2.24
45,2.0,l_C,35.4
45,2.0,l_D,28.97
45,2.0,l_ED,12.61
45,2.0,l_EG,22.45
45,2.0,l_autre,0.58
45,3.0,l_C,35.37
45,3.0,l_D,24.79
45,3.0,l_ED,19.61
45,3.0,l_EG,18.07
45,3.0,l_autre,2.15
45,4.0,l_C,28.56
45,4.0,l_D,24.31
45,4.0,l_ED,23.79
45,4.0,l_EG,14.83
45,4.0,l_G,5.48
45,4.0,l_autre,3.02
45,5.0,l_C,29.85
45,5.0,l_D,23.6
45,5.0,l_ED,21.18
45,5.0,l_EG,15.32
45,5.0,l_G,4.76
45,5.0,l_autre,5.3
45,6.0,l_C,35.43
45,6.0,l_D,3.35
45,6.0,l_ED,13.58
45,6.0,l_EG,13.82
45,6.0,l_G,15.99
45,6.0,l_autre,17.84
46,1.0,l_C,28.67
46,1.0,l_D,24.64
46,1.0,l_ED,10.12
46,1.0,l_EG,23.85
46,1.0,l_G,12.24
46,1.0,l_autre,0.49
46,2.0,l_C,35.42
46,2.0,l_D,3.55
46,2.0,l_ED,8.47
46,2.0,l_EG,22.04
46,2.0,l_G,19.09
46,2.0,l_autre,11.44
47,1.0,l_C,32.62
47,1.0,l_D,3.18
47,1.0,l_ED,17.87
47,1.0,l_EG,18.17
47,1.0,l_G,7.98
47,1.0,l_autre,20.17
47,2.0,l_C,28.39
47,2.0,l_D,16.72
47,2.0,l_ED,21.51
47,2.0,l_EG,15.72
47,2.0,l_G,17.0
47,2.0,l_autre,0.66
47,3.0,l_C,30.13
47,3.0,l_D,22.74
47,3.0,l_ED,21.07
47,3.0,l_EG,18.21
47,3.0,l_G,6.16
47,3.0,l_autre,1.7
48,1.0,l_C,21.66
48,1.0,l_D,37.59
48,1.0,l_ED,8.64
48,1.0,l_EG,16.9
48,1.0,l_G,13.11
48,1.0,l_autre,2.12
49,1.0,l_C,38.97
49,1.0,l_D,14.55
49,1.0,l_ED,9.59
49,1.0,l_EG,18.78
49,1.0,l_G,13.64
49,1.0,l_autre,4.45
49,2.0,l_C,45.93
49,2.0,l_D,12.09
49,2.0,l_ED,8.55
49,2.0,l_EG,19.63
49,2.0,l_G,3.38
49,2.0,l_autre,10.42
49,3.0,l_C,29.96
49,3.0,l_D,35.47
49,3.0,l_ED,12.49
49,3.0,l_EG,17.36
49,3.0,l_G,4.26
49,3.0,l_autre,0.46
49,4.0,l_C,38.16
49,4.0,l_D,6.97
49,4.0,l_ED,14.69
49,4.0,l_EG,14.19
49,4.0,l_G,4.99
49,4.0,l_autre,21.01
49,5.0,l_C,47.63
49,5.0,l_D,22.55
49,5.0,l_ED,9.0
49,5.0,l_EG,15.96
49,5.0,l_G,4.16
49,5.0,l_autre,0.72
49,6.0,l_C,43.57
49,6.0,l_D,20.44
49,6.0,l_ED,10.99
49,6.0,l_EG,14.53
49,6.0,l_G,9.61
49,6.0,l_autre,0.86
49,7.0,l_C,41.62
49,7.0,l_D,20.41
49,7.0,l_ED,10.36
49,7.0,l_EG,18.92
49,7.0,l_G,7.93
49,7.0,l_autre,0.75
50,1.0,l_C,35.35
50,1.0,l_D,30.82
50,1.0,l_ED,12.9
50,1.0,l_EG,14.43
50,1.0,l_G,5.83
50,1.0,l_autre,0.67
50,2.0,l_C,44.91
50,2.0,l_D,27.26
50,2.0,l_ED,10.47
50,2.0,l_EG,13.31
50,2.0,l_G,3.25
50,2.0,l_autre,0.8
50,3.0,l_C,46.2
50,3.0,l_D,18.94
50,3.0,l_ED,14.17
50,3.0,l_EG,19.67
50,3.0,l_autre,1.02
50,4.0,l_C,23.76
50,4.0,l_D,12.93
50,4.0,l_ED,13.85
50,4.0,l_EG,18.88
50,4.0,l_G,13.0
50,4.0,l_autre,17.58
51,1.0,l_D,27.57
51,1.0,l_ED,19.11
51,1.0,l_EG,17.12
51,1.0,l_G,6.38
51,1.0,l_autre,29.82
51,2.0,l_C,34.34
51,2.0,l_D,26.44
51,2.0,l_ED,18.0
51,2.0,l_EG,14.87
51,2.0,l_G,5.42
51,2.0,l_autre,0.93
51,3.0,l_C,31.87
51,3.0,l_D,22.98
51,3.0,l_ED,24.2
51,3.0,l_EG,20.18
51,3.0,l_autre,0.78
51,4.0,l_D,50.97
51,4.0,l_ED,23.16
51,4.0,l_EG,15.95
51,4.0,l_G,9.26
51,4.0,l_autre,0.66
51,5.0,l_C,20.88
51,5.0,l_ED,23.87
51,5.0,l_EG,11.94
51,5.0,l_autre,43.32
52,1.0,l_C,31.9
52,1.0,l_D,27.38
52,1.0,l_ED,18.83
52,1.0,l_EG,16.24
52,1.0,l_G,5.03
52,1.0,l_autre,0.62
52,2.0,l_C,21.19
52,2.0,l_D,33.81
52,2.0,l_ED,29.06
52,2.0,l_EG,11.98
52,2.0,l_G,3.33
52,2.0,l_autre,0.63
53,1.0,l_C,26.54
53,1.0,l_D,21.51
53,1.0,l_ED,9.34
53,1.0,l_EG,11.27
53,1.0,l_G,30.99
53,1.0,l_autre,0.36
53,2.0,l_C,38.25
53,2.0,l_D,29.76
53,2.0,l_ED,9.81
53,2.0,l_EG,11.86
53,2.0,l_G,8.88
53,2.0,l_autre,1.43
53,3.0,l_C,29.79
53,3.0,l_D,3.82
53,3.0,l_ED,8.44
53,3.0,l_EG,12.9
53,3.0,l_G,1.88
53,3.0,l_autre,43.17
54,1.0,l_C,34.5
54,1.0,l_D,14.24
54,1.0,l_ED,11.36
54,1.0,l_EG,15.78
54,1.0,l_G,14.8
54,1.0,l_autre,9.33
54,2.0,l_C,42.66
54,2.0,l_D,16.75
54,2.0,l_ED,10.51
54,2.0,l_EG,15.51
54,2.0,l_G,14.0
54,2.0,l_autre,0.56
54,3.0,l_C,32.23
54,3.0,l_D,13.4
54,3.0,l_ED,15.82
54,3.0,l_EG,27.66
54,3.0,l_G,9.52
54,3.0,l_autre,1.37
54,4.0,l_C,31.28
54,4.0,l_D,24.65
54,4.0,l_ED,23.28
54,4.0,l_EG,18.75
54,4.0,l_G,0.85
54,4.0,l_autre,1.2
54,5.0,l_C,27.04
54,5.0,l_D,10.5
54,5.0,l_ED,21.47
54,5.0,l_EG,11.71
54,5.0,l_G,28.56
54,5.0,l_autre,0.72
54,6.0,l_D,12.47
54,6.0,l_ED,21.82
54,6.0,l_EG,26.75
54,6.0,l_G,23.34
54,6.0,l_autre,15.61
55,1.0,l_C,27.42
55,1.0,l_ED,24.09
55,1.0,l_EG,13.34
55,1.0,l_G,4.28
55,1.0,l_autre,30.86
55,2.0,l_C,27.11
55,2.0,l_D,30.19
55,2.0,l_ED,18.64
55,2.0,l_EG,13.68
55,2.0,l_G,9.92
55,2.0,l_autre,0.47
56,1.0,l_C,44.4
56,1.0,l_D,24.12
56,1.0,l_ED,9.23
56,1.0,l_EG,15.61
56,1.0,l_autre,6.65
56,2.0,l_D,28.03
56,2.0,l_ED,10.97
56,2.0,l_EG,18.84
56,2.0,l_G,8.08
56,2.0,l_autre,34.08
56,3.0,l_C,41.3
56,3.0,l_D,11.45
56,3.0,l_ED,13.18
56,3.0,l_EG,16.1
56,3.0,l_G,3.81
56,3.0,l_autre,14.18
56,4.0,l_C,54.0
56,4.0,l_D,15.07
56,4.0,l_ED,12.84
56,4.0,l_EG,17.4
56,4.0,l_autre,0.67
56,5.0,l_C,42.7
56,5.0,l_D,11.82
56,5.0,l_ED,8.95
56,5.0,l_EG,23.99
56,5.0,l_G,0.71
56,5.0,l_autre,11.81
56,6.0,l_C,35.41
56,6.0,l_D,9.39
56,6.0,l_ED,10.19
56,6.0,l_EG,11.12
56,6.0,l_G,10.7
56,6.0,l_autre,23.2
57,1.0,l_C,28.03
57,1.0,l_D,11.64
57,1.0,l_ED,18.3
57,1.0,l_EG,14.26
57,1.0,l_G,12.2
57,1.0,l_autre,15.55
57,2.0,l_C,33.6
57,2.0,l_D,18.33
57,2.0,l_ED,14.59
57,2.0,l_EG,14.38
57,2.0,l_G,7.0
57,2.0,l_autre,12.11
57,3.0,l_C,33.98
57,3.0,l_D,21.46
57,3.0,l_ED,15.81
57,3.0,l_EG,17.68
57,3.0,l_G,6.37
57,3.0,l_autre,4.69
57,4.0,l_C,27.27
57,4.0,l_D,29.98
57,4.0,l_ED,20.57
57,4.0,l_EG,10.13
57,4.0,l_G,3.29
57,4.0,l_autre,8.75
57,5.0,l_C,24.47
57,5.0,l_D,28.72
57,5.0,l_ED,18.68
57,5.0,l_EG,10.01
57,5.0,l_G,2.59
57,5.0,l_autre,15.55
57,6.0,l_C,22.01
57,6.0,l_D,21.59
57,6.0,l_ED,24.5
57,6.0,l_EG,12.28
57,6.0,l_G,18.35
57,6.0,l_autre,1.29
57,7.0,l_C,27.41
57,7.0,l_ED,23.75
57,7.0,l_EG,13.36
57,7.0,l_G,11.98
57,7.0,l_autre,23.48
57,8.0,l_C,30.16
57,8.0,l_D,7.71
57,8.0,l_ED,24.71
57,8.0,l_EG,26.29
57,8.0,l_G,9.73
57,8.0,l_autre,1.41
57,9.0,l_C,36.18
57,9.0,l_D,26.37
57,9.0,l_ED,14.96
57,9.0,l_EG,14.24
57,9.0,l_G,6.75
57,9.0,l_autre,1.5
58,1.0,l_C,34.78
58,1.0,l_D,2.34
58,1.0,l_ED,18.6
58,1.0,l_EG,19.54
58,1.0,l_G,13.39
58,1.0,l_autre,11.33
58,2.0,l_C,33.8
58,2.0,l_D,11.72
58,2.0,l_ED,18.0
58,2.0,l_EG,17.23
58,2.0,l_G,18.29
58,2.0,l_autre,0.97
59,1.0,l_C,32.61
59,1.0,l_D,0.0
59,1.0,l_ED,10.91
59,1.0,l_EG,30.21
59,1.0,l_G,9.14
59,1.0,l_autre,17.15
59,2.0,l_C,22.53
59,2.0,l_D,11.93
59,2.0,l_ED,14.01
59,2.0,l_EG,28.93
59,2.0,l_G,19.69
59,2.0,l_autre,2.91
59,3.0,l_C,25.14
59,3.0,l_D,0.01
59,3.0,l_ED,27.96
59,3.0,l_EG,19.21
59,3.0,l_G,14.74
59,3.0,l_autre,12.96
59,4.0,l_C,38.35
59,4.0,l_D,25.39
59,4.0,l_ED,11.94
59,4.0,l_EG,20.82
59,4.0,l_G,1.23
59,4.0,l_autre,2.27
59,5.0,l_C,29.96
59,5.0,l_D,23.64
59,5.0,l_ED,20.07
59,5.0,l_EG,21.4
59,5.0,l_G,4.32
59,5.0,l_autre,0.62
59,6.0,l_C,38.03
59,6.0,l_D,25.77
59,6.0,l_ED,14.84
59,6.0,l_EG,17.17
59,6.0,l_G,2.98
59,6.0,l_autre,1.21
59,7.0,l_C,34.7
59,7.0,l_D,0.6
59,7.0,l_ED,14.72
59,7.0,l_EG,19.9
59,7.0,l_G,3.77
59,7.0,l_autre,26.3
59,8.0,l_C,28.86
59,8.0,l_D,7.66
59,8.0,l_ED,24.07
59,8.0,l_EG,25.31
59,8.0,l_G,12.61
59,8.0,l_autre,1.49
59,9.0,l_C,39.18
59,9.0,l_D,29.6
59,9.0,l_ED,9.22
59,9.0,l_EG,18.15
59,9.0,l_G,3.27
59,9.0,l_autre,0.59
59,10.0,l_C,26.77
59,10.0,l_D,27.18
59,10.0,l_ED,21.21
59,10.0,l_EG,19.14
59,10.0,l_G,5.08
59,10.0,l_autre,0.62
59,11.0,l_C,30.63
59,11.0,l_D,15.88
59,11.0,l_ED,17.17
59,11.0,l_EG,25.23
59,11.0,l_G,10.42
59,11.0,l_autre,0.66
59,12.0,l_C,23.51
59,12.0,l_D,19.77
59,12.0,l_ED,24.67
59,12.0,l_EG,21.51
59,12.0,l_G,9.95
59,12.0,l_autre,0.6
59,13.0,l_C,21.54
59,13.0,l_ED,25.72
59,13.0,l_EG,21.36
59,13.0,l_G,24.72
59,13.0,l_autre,6.67
59,14.0,l_C,25.44
59,14.0,l_D,26.67
59,14.0,l_ED,22.1
59,14.0,l_EG,17.54
59,14.0,l_G,7.6
59,14.0,l_autre,0.66
59,15.0,l_C,28.08
59,15.0,l_D,16.22
59,15.0,l_ED,20.59
59,15.0,l_EG,17.04
59,15.0,l_G,6.79
59,15.0,l_autre,11.28
59,16.0,l_C,20.24
59,16.0,l_D,7.83
59,16.0,l_ED,29.09
59,16.0,l_EG,26.41
59,16.0,l_G,15.55
59,16.0,l_autre,0.87
59,17.0,l_C,23.13
59,17.0,l_D,11.43
59,17.0,l_ED,24.38
59,17.0,l_EG,28.12
59,17.0,l_G,12.35
59,17.0,l_autre,0.59
59,18.0,l_C,25.4
59,18.0,l_D,0.01
59,18.0,l_ED,25.79
59,18.0,l_EG,16.87
59,18.0,l_autre,31.92
59,19.0,l_C,18.08
59,19.0,l_D,6.94
59,19.0,l_ED,34.15
59,19.0,l_EG,25.61
59,19.0,l_G,14.53
59,19.0,l_autre,0.68
59,20.0,l_C,20.17
59,20.0,l_D,4.04
59,20.0,l_ED,24.23
59,20.0,l_EG,35.89
59,20.0,l_G,9.56
59,20.0,l_autre,6.11
59,21.0,l_D,12.24
59,21.0,l_ED,22.87
59,21.0,l_EG,23.75
59,21.0,l_G,6.13
59,21.0,l_autre,35.01
60,1.0,l_C,24.13
60,1.0,l_D,38.51
60,1.0,l_ED,20.36
60,1.0,l_EG,12.84
60,1.0,l_G,3.64
60,1.0,l_autre,0.5
60,2.0,l_C,31.04
60,2.0,l_D,22.21
60,2.0,l_ED,29.36
60,2.0,l_EG,16.75
60,2.0,l_autre,0.64
60,3.0,l_C,28.39
60,3.0,l_D,11.82
60,3.0,l_ED,24.92
60,3.0,l_EG,17.46
60,3.0,l_G,15.8
60,3.0,l_autre,1.6
60,4.0,l_C,34.82
60,4.0,l_D,28.67
60,4.0,l_ED,20.17
60,4.0,l_EG,15.58
60,4.0,l_autre,0.77
60,5.0,l_C,29.99
60,5.0,l_D,29.41
60,5.0,l_ED,20.61
60,5.0,l_EG,14.6
60,5.0,l_G,4.65
60,5.0,l_autre,0.72
60,6.0,l_C,30.04
60,6.0,l_D,15.9
60,6.0,l_ED,23.08
60,6.0,l_EG,29.88
60,6.0,l_autre,1.11
60,7.0,l_C,25.7
60,7.0,l_D,29.45
60,7.0,l_ED,22.94
60,7.0,l_EG,14.52
60,7.0,l_G,6.71
60,7.0,l_autre,0.67
61,1.0,l_D,38.55
61,1.0,l_ED,14.2
61,1.0,l_EG,15.13
61,1.0,l_G,30.57
61,1.0,l_autre,1.56
61,2.0,l_C,30.99
61,2.0,l_D,30.91
61,2.0,l_ED,18.44
61,2.0,l_EG,12.41
61,2.0,l_G,6.7
61,2.0,l_autre,0.55
61,3.0,l_C,34.64
61,3.0,l_D,33.47
61,3.0,l_ED,14.98
61,3.0,l_EG,16.36
61,3.0,l_autre,0.55
62,1.0,l_C,27.66
62,1.0,l_D,16.41
62,1.0,l_ED,25.6
62,1.0,l_EG,13.94
62,1.0,l_G,15.83
62,1.0,l_autre,0.58
62,2.0,l_C,36.58
62,2.0,l_ED,19.8
62,2.0,l_EG,19.42
62,2.0,l_G,7.35
62,2.0,l_autre,16.85
62,3.0,l_C,16.99
62,3.0,l_D,4.74
62,3.0,l_ED,34.13
62,3.0,l_EG,33.71
62,3.0,l_G,9.34
62,3.0,l_autre,1.07
62,4.0,l_C,35.18
62,4.0,l_D,33.88
62,4.0,l_ED,14.55
62,4.0,l_EG,9.87
62,4.0,l_G,6.06
62,4.0,l_autre,0.46
62,5.0,l_C,31.6
62,5.0,l_D,12.16
62,5.0,l_ED,21.13
62,5.0,l_EG,22.55
62,5.0,l_G,11.22
62,5.0,l_autre,1.36
62,6.0,l_C,41.94
62,6.0,l_D,15.95
62,6.0,l_ED,25.0
62,6.0,l_EG,16.53
62,6.0,l_autre,0.58
62,7.0,l_C,20.32
62,7.0,l_D,21.67
62,7.0,l_ED,25.98
62,7.0,l_EG,18.98
62,7.0,l_G,12.68
62,7.0,l_autre,0.36
62,8.0,l_C,26.98
62,8.0,l_D,1.26
62,8.0,l_ED,21.54
62,8.0,l_EG,20.33
62,8.0,l_G,21.47
62,8.0,l_autre,8.42
62,9.0,l_C,28.08
62,9.0,l_D,12.65
62,9.0,l_ED,23.39
62,9.0,l_EG,18.97
62,9.0,l_G,15.9
62,9.0,l_autre,1.01
62,10.0,l_C,20.52
62,10.0,l_D,6.9
62,10.0,l_ED,31.3
62,10.0,l_EG,21.52
62,10.0,l_G,19.13
62,10.0,l_autre,0.63
62,11.0,l_C,16.43
62,11.0,l_D,4.18
62,11.0,l_ED,47.2
62,11.0,l_EG,20.66
62,11.0,l_G,11.03
62,11.0,l_autre,0.49
62,12.0,l_C,20.84
62,12.0,l_D,5.23
62,12.0,l_ED,36.76
62,12.0,l_EG,20.5
62,12.0,l_G,16.21
62,12.0,l_autre,0.46
63,1.0,l_C,40.56
63,1.0,l_D,9.9
63,1.0,l_ED,10.39
63,1.0,l_EG,21.43
63,1.0,l_G,16.06
63,1.0,l_autre,1.68
63,2.0,l_C,29.87
63,2.0,l_D,12.68
63,2.0,l_ED,12.04
63,2.0,l_EG,16.72
63,2.0,l_G,28.1
63,2.0,l_autre,0.6
63,3.0,l_C,38.57
63,3.0,l_D,5.85
63,3.0,l_ED,7.81
63,3.0,l_EG,26.2
63,3.0,l_autre,21.57
63,4.0,l_C,32.92
63,4.0,l_D,15.34
63,4.0,l_ED,9.85
63,4.0,l_EG,24.07
63,4.0,l_G,10.6
63,4.0,l_autre,7.23
63,5.0,l_C,29.27
63,5.0,l_D,9.68
63,5.0,l_ED,11.55
63,5.0,l_EG,44.73
63,5.0,l_G,3.22
63,5.0,l_autre,1.54
64,1.0,l_C,39.87
64,1.0,l_D,14.88
64,1.0,l_ED,10.09
64,1.0,l_EG,17.86
64,1.0,l_G,14.44
64,1.0,l_autre,2.86
64,2.0,l_C,41.64
64,2.0,l_D,16.46
64,2.0,l_ED,9.23
64,2.0,l_EG,17.27
64,2.0,l_G,14.43
64,2.0,l_autre,0.98
64,3.0,l_C,29.79
64,3.0,l_D,7.06
64,3.0,l_ED,8.8
64,3.0,l_EG,17.13
64,3.0,l_G,26.36
64,3.0,l_autre,10.88
64,4.0,l_C,25.41
64,4.0,l_D,27.37
64,4.0,l_ED,4.89
64,4.0,l_EG,14.12
64,4.0,l_G,12.63
64,4.0,l_autre,15.59
64,5.0,l_C,37.11
64,5.0,l_D,12.15
64,5.0,l_ED,8.2
64,5.0,l_EG,17.55
64,5.0,l_G,13.24
64,5.0,l_autre,11.74
64,6.0,l_C,38.94
64,6.0,l_D,15.75
64,6.0,l_ED,6.41
64,6.0,l_EG,14.73
64,6.0,l_G,7.46
64,6.0,l_autre,16.72
65,1.0,l_C,43.15
65,1.0,l_D,3.04
65,1.0,l_ED,12.08
65,1.0,l_EG,23.77
65,1.0,l_G,15.24
65,1.0,l_autre,2.72
65,2.0,l_C,32.16
65,2.0,l_D,14.16
65,2.0,l_ED,12.64
65,2.0,l_EG,22.93
65,2.0,l_G,16.53
65,2.0,l_autre,1.57
66,1.0,l_C,31.75
66,1.0,l_D,19.36
66,1.0,l_ED,21.48
66,1.0,l_EG,16.61
66,1.0,l_G,5.96
66,1.0,l_autre,4.84
66,2.0,l_C,29.11
66,2.0,l_D,13.3
66,2.0,l_ED,31.87
66,2.0,l_EG,16.02
66,2.0,l_G,4.69
66,2.0,l_autre,5.02
66,3.0,l_C,22.7
66,3.0,l_D,13.17
66,3.0,l_ED,20.32
66,3.0,l_EG,19.24
66,3.0,l_G,15.68
66,3.0,l_autre,8.89
66,4.0,l_C,29.0
66,4.0,l_D,15.73
66,4.0,l_ED,20.94
66,4.0,l_EG,21.5
66,4.0,l_G,7.51
66,4.0,l_autre,5.32
67,1.0,l_C,35.31
67,1.0,l_D,12.91
67,1.0,l_ED,6.34
67,1.0,l_EG,22.93
67,1.0,l_G,14.0
67,1.0,l_autre,8.5
67,2.0,l_C,35.06
67,2.0,l_D,10.93
67,2.0,l_ED,9.07
67,2.0,l_EG,19.12
67,2.0,l_G,12.79
67,2.0,l_autre,13.03
67,3.0,l_C,39.5
67,3.0,l_D,16.6
67,3.0,l_ED,10.41
67,3.0,l_EG,19.01
67,3.0,l_G,6.41
67,3.0,l_autre,8.06
67,4.0,l_C,41.52
67,4.0,l_D,23.75
67,4.0,l_ED,14.38
67,4.0,l_EG,13.15
67,4.0,l_G,1.83
67,4.0,l_autre,5.36
67,5.0,l_D,37.59
67,5.0,l_ED,18.78
67,5.0,l_EG,24.77
67,5.0,l_autre,18.87
67,6.0,l_C,29.48
67,6.0,l_D,36.21
67,6.0,l_ED,15.01
67,6.0,l_EG,10.53
67,6.0,l_G,1.39
67,6.0,l_autre,7.39
67,7.0,l_C,26.7
67,7.0,l_D,33.77
67,7.0,l_ED,16.94
67,7.0,l_EG,12.58
67,7.0,l_autre,10.02
67,8.0,l_C,32.98
67,8.0,l_D,30.2
67,8.0,l_ED,19.49
67,8.0,l_EG,7.84
67,8.0,l_G,1.21
67,8.0,l_autre,8.27
67,9.0,l_C,35.87
67,9.0,l_D,23.26
67,9.0,l_ED,16.51
67,9.0,l_EG,9.89
67,9.0,l_G,1.36
67,9.0,l_autre,13.11
68,1.0,l_C,26.24
68,1.0,l_D,40.63
68,1.0,l_ED,12.56
68,1.0,l_EG,10.68
68,1.0,l_G,1.45
68,1.0,l_autre,8.43
68,2.0,l_C,35.92
68,2.0,l_D,26.67
68,2.0,l_ED,13.99
68,2.0,l_EG,13.92
68,2.0,l_autre,9.51
68,3.0,l_C,31.84
68,3.0,l_D,31.99
68,3.0,l_ED,12.85
68,3.0,l_EG,11.21
68,3.0,l_autre,12.11
68,4.0,l_C,32.8
68,4.0,l_D,17.26
68,4.0,l_ED,17.78
68,4.0,l_EG,15.5
68,4.0,l_G,0.04
68,4.0,l_autre,16.64
68,5.0,l_C,32.94
68,5.0,l_D,30.46
68,5.0,l_ED,14.01
68,5.0,l_EG,13.17
68,5.0,l_G,2.5
68,5.0,l_autre,6.93
68,6.0,l_C,32.36
68,6.0,l_D,8.39
68,6.0,l_ED,19.37
68,6.0,l_EG,13.35
68,6.0,l_G,2.53
68,6.0,l_autre,24.0
69,1.0,l_C,46.88
69,1.0,l_D,13.46
69,1.0,l_ED,8.96
69,1.0,l_EG,25.59
69,1.0,l_G,0.24
69,1.0,l_autre,4.88
69,2.0,l_C,39.12
69,2.0,l_D,9.54
69,2.0,l_ED,5.34
69,2.0,l_EG,17.95
69,2.0,l_G,18.1
69,2.0,l_autre,9.94
69,3.0,l_C,42.84
69,3.0,l_D,13.86
69,3.0,l_ED,7.27
69,3.0,l_EG,29.61
69,3.0,l_autre,6.42
69,4.0,l_C,45.79
69,4.0,l_D,24.18
69,4.0,l_ED,6.55
69,4.0,l_EG,20.24
69,4.0,l_autre,3.25
69,5.0,l_C,45.8
69,5.0,l_D,26.89
69,5.0,l_ED,8.91
69,5.0,l_EG,15.9
69,5.0,l_autre,2.51
69,6.0,l_C,36.69
69,6.0,l_D,12.24
69,6.0,l_ED,10.17
69,6.0,l_EG,22.05
69,6.0,l_G,16.91
69,6.0,l_autre,1.93
69,7.0,l_C,32.08
69,7.0,l_D,22.05
69,7.0,l_ED,12.53
69,7.0,l_EG,20.07
69,7.0,l_G,9.93
69,7.0,l_autre,3.34
69,8.0,l_C,37.03
69,8.0,l_D,33.18
69,8.0,l_ED,11.68
69,8.0,l_EG,16.8
69,8.0,l_autre,1.31
69,9.0,l_C,36.02
69,9.0,l_D,29.81
69,9.0,l_ED,16.75
69,9.0,l_EG,13.82
69,9.0,l_G,2.63
69,9.0,l_autre,0.96
69,10.0,l_C,46.66
69,10.0,l_D,20.38
69,10.0,l_ED,13.82
69,10.0,l_EG,18.51
69,10.0,l_autre,0.64
69,11.0,l_C,39.2
69,11.0,l_D,21.42
69,11.0,l_ED,16.78
69,11.0,l_EG,18.57
69,11.0,l_G,3.39
69,11.0,l_autre,0.65
69,12.0,l_C,41.87
69,12.0,l_D,24.43
69,12.0,l_ED,10.02
69,12.0,l_EG,17.93
69,12.0,l_G,4.81
69,12.0,l_autre,0.94
69,13.0,l_C,33.99
69,13.0,l_D,28.5
69,13.0,l_ED,15.78
69,13.0,l_EG,14.84
69,13.0,l_G,4.64
69,13.0,l_autre,2.23
69,14.0,l_C,36.0
69,14.0,l_D,0.0
69,14.0,l_ED,20.83
69,14.0,l_EG,29.6
69,14.0,l_G,4.64
69,14.0,l_autre,8.94
70,1.0,l_C,28.58
70,1.0,l_D,29.82
70,1.0,l_ED,20.97
70,1.0,l_EG,14.28
70,1.0,l_G,4.81
70,1.0,l_autre,1.55
70,2.0,l_C,32.34
70,2.0,l_D,15.36
70,2.0,l_ED,24.4
70,2.0,l_EG,19.21
70,2.0,l_autre,8.69
71,1.0,l_C,37.87
71,1.0,l_D,26.18
71,1.0,l_ED,12.63
71,1.0,l_EG,17.18
71,1.0,l_G,5.67
71,1.0,l_autre,0.47
71,2.0,l_C,31.35
71,2.0,l_D,29.2
71,2.0,l_ED,14.87
71,2.0,l_EG,14.19
71,2.0,l_G,9.82
71,2.0,l_autre,0.57
71,3.0,l_C,33.02
71,3.0,l_D,19.19
71,3.0,l_ED,16.46
71,3.0,l_EG,14.16
71,3.0,l_G,16.56
71,3.0,l_autre,0.6
71,4.0,l_C,24.14
71,4.0,l_D,26.18
71,4.0,l_ED,18.07
71,4.0,l_EG,12.92
71,4.0,l_G,18.14
71,4.0,l_autre,0.55
71,5.0,l_C,30.09
71,5.0,l_D,19.66
71,5.0,l_ED,15.28
71,5.0,l_EG,18.42
71,5.0,l_G,15.63
71,5.0,l_autre,0.91
72,1.0,l_C,31.06
72,1.0,l_D,24.99
72,1.0,l_ED,13.17
72,1.0,l_EG,16.85
72,1.0,l_G,12.63
72,1.0,l_autre,1.31
72,2.0,l_C,25.81
72,2.0,l_ED,15.04
72,2.0,l_EG,17.93
72,2.0,l_G,24.55
72,2.0,l_autre,16.67
72,3.0,l_C,32.1
72,3.0,l_D,22.2
72,3.0,l_ED,18.0
72,3.0,l_EG,17.66
72,3.0,l_G,8.53
72,3.0,l_autre,1.51
72,4.0,l_D,28.05
72,4.0,l_ED,15.77
72,4.0,l_EG,20.2
72,4.0,l_G,30.31
72,4.0,l_autre,5.68
72,5.0,l_C,31.68
72,5.0,l_D,27.24
72,5.0,l_ED,16.82
72,5.0,l_EG,18.92
72,5.0,l_G,3.62
72,5.0,l_autre,1.72
73,1.0,l_C,33.75
73,1.0,l_D,29.51
73,1.0,l_ED,11.12
73,1.0,l_EG,14.69
73,1.0,l_G,4.32
73,1.0,l_autre,6.62
73,2.0,l_D,32.87
73,2.0,l_ED,14.12
73,2.0,l_EG,22.73
73,2.0,l_autre,30.29
73,3.0,l_C,31.8
73,3.0,l_D,20.73
73,3.0,l_ED,16.56
73,3.0,l_EG,19.03
73,3.0,l_autre,11.87
73,4.0,l_C,28.28
73,4.0,l_D,8.79
73,4.0,l_ED,10.02
73,4.0,l_EG,25.48
73,4.0,l_G,17.38
73,4.0,l_autre,10.06
74,1.0,l_C,47.96
74,1.0,l_D,18.84
74,1.0,l_ED,11.86
74,1.0,l_EG,14.88
74,1.0,l_G,2.93
74,1.0,l_autre,3.51
74,2.0,l_C,40.72
74,2.0,l_D,27.57
74,2.0,l_ED,8.79
74,2.0,l_EG,16.42
74,2.0,l_G,3.03
74,2.0,l_autre,3.48
74,3.0,l_C,37.27
74,3.0,l_D,30.57
74,3.0,l_ED,11.91
74,3.0,l_EG,17.05
74,3.0,l_autre,3.2
74,4.0,l_C,36.58
74,4.0,l_D,32.62
74,4.0,l_ED,11.0
74,4.0,l_EG,14.27
74,4.0,l_G,2.63
74,4.0,l_autre,2.9
74,5.0,l_C,36.22
74,5.0,l_D,26.93
74,5.0,l_ED,9.79
74,5.0,l_EG,12.13
74,5.0,l_G,5.29
74,5.0,l_autre,9.64
74,6.0,l_C,34.36
74,6.0,l_D,26.48
74,6.0,l_ED,10.42
74,6.0,l_EG,13.32
74,6.0,l_autre,15.41
75,1.0,l_C,50.8
75,1.0,l_D,22.93
75,1.0,l_ED,2.64
75,1.0,l_EG,12.74
75,1.0,l_G,7.83
75,1.0,l_autre,3.05
75,2.0,l_C,41.81
75,2.0,l_D,33.56
75,2.0,l_ED,3.01
75,2.0,l_EG,12.3
75,2.0,l_G,6.54
75,2.0,l_autre,2.78
75,3.0,l_C,45.08
75,3.0,l_D,1.28
75,3.0,l_ED,4.45
75,3.0,l_EG,18.97
75,3.0,l_G,12.61
75,3.0,l_autre,17.6
75,4.0,l_C,46.0
75,4.0,l_D,39.56
75,4.0,l_ED,3.92
75,4.0,l_EG,6.55
75,4.0,l_G,2.47
75,4.0,l_autre,1.5
75,5.0,l_C,43.63
75,5.0,l_D,8.66
75,5.0,l_ED,2.81
75,5.0,l_EG,27.34
75,5.0,l_G,12.95
75,5.0,l_autre,4.6
75,6.0,l_C,39.42
75,6.0,l_D,1.01
75,6.0,l_ED,2.88
75,6.0,l_EG,38.89
75,6.0,l_G,7.14
75,6.0,l_autre,10.65
75,7.0,l_C,42.98
75,7.0,l_D,12.71
75,7.0,l_ED,3.15
75,7.0,l_EG,20.62
75,7.0,l_G,16.89
75,7.0,l_autre,3.66
75,8.0,l_C,39.59
75,8.0,l_D,16.17
75,8.0,l_ED,4.65
75,8.0,l_EG,22.14
75,8.0,l_G,15.02
75,8.0,l_autre,2.42
75,9.0,l_C,36.43
75,9.0,l_D,10.02
75,9.0,l_ED,5.8
75,9.0,l_EG,30.33
75,9.0,l_G,12.75
75,9.0,l_autre,4.65
75,10.0,l_C,42.38
75,10.0,l_D,12.94
75,10.0,l_ED,5.55
75,10.0,l_EG,24.83
75,10.0,l_G,10.09
75,10.0,l_autre,4.22
75,11.0,l_C,40.58
75,11.0,l_D,17.97
75,11.0,l_ED,3.17
75,11.0,l_EG,17.35
75,11.0,l_G,15.1
75,11.0,l_autre,5.82
75,12.0,l_C,46.98
75,12.0,l_D,30.7
75,12.0,l_ED,4.11
75,12.0,l_EG,9.99
75,12.0,l_G,5.75
75,12.0,l_autre,2.46
75,13.0,l_C,43.58
75,13.0,l_D,29.68
75,13.0,l_ED,4.24
75,13.0,l_EG,12.77
75,13.0,l_G,7.71
75,13.0,l_autre,2.03
75,14.0,l_C,44.2
75,14.0,l_D,43.08
75,14.0,l_ED,3.98
75,14.0,l_EG,4.4
75,14.0,l_G,2.51
75,14.0,l_autre,1.85
75,15.0,l_D,26.07
75,15.0,l_ED,5.79
75,15.0,l_EG,36.13
75,15.0,l_G,27.56
75,15.0,l_autre,4.45
75,16.0,l_C,38.08
75,16.0,l_D,7.52
75,16.0,l_ED,4.93
75,16.0,l_EG,37.5
75,16.0,l_G,9.74
75,16.0,l_autre,2.24
75,17.0,l_C,30.99
75,17.0,l_D,7.03
75,17.0,l_ED,4.75
75,17.0,l_EG,35.98
75,17.0,l_G,16.67
75,17.0,l_autre,4.58
75,18.0,l_D,32.42
75,18.0,l_ED,5.25
75,18.0,l_EG,32.13
75,18.0,l_G,24.4
75,18.0,l_autre,5.81
76,1.0,l_C,34.64
76,1.0,l_D,16.01
76,1.0,l_ED,9.27
76,1.0,l_EG,20.6
76,1.0,l_G,17.22
76,1.0,l_autre,2.26
76,2.0,l_C,40.01
76,2.0,l_D,18.89
76,2.0,l_ED,16.14
76,2.0,l_EG,14.0
76,2.0,l_G,9.61
76,2.0,l_autre,1.35
76,3.0,l_C,27.16
76,3.0,l_D,5.51
76,3.0,l_ED,16.57
76,3.0,l_EG,31.19
76,3.0,l_G,18.13
76,3.0,l_autre,1.44
76,4.0,l_C,25.92
76,4.0,l_D,7.36
76,4.0,l_ED,20.85
76,4.0,l_EG,26.12
76,4.0,l_G,18.95
76,4.0,l_autre,0.79
76,5.0,l_D,21.12
76,5.0,l_ED,18.82
76,5.0,l_EG,16.84
76,5.0,l_G,42.12
76,5.0,l_autre,1.1
76,6.0,l_C,26.87
76,6.0,l_ED,22.78
76,6.0,l_EG,24.02
76,6.0,l_G,10.3
76,6.0,l_autre,16.03
76,7.0,l_D,35.14
76,7.0,l_ED,13.81
76,7.0,l_EG,22.96
76,7.0,l_G,25.05
76,7.0,l_autre,3.05
76,8.0,l_C,22.5
76,8.0,l_D,13.48
76,8.0,l_ED,15.18
76,8.0,l_EG,41.88
76,8.0,l_G,6.09
76,8.0,l_autre,0.87
76,9.0,l_C,28.75
76,9.0,l_ED,19.53
76,9.0,l_EG,18.8
76,9.0,l_G,17.53
76,9.0,l_autre,15.38
76,10.0,l_C,34.22
76,10.0,l_D,16.56
76,10.0,l_ED,22.69
76,10.0,l_EG,17.24
76,10.0,l_G,7.73
76,10.0,l_autre,1.57
77,1.0,l_C,37.39
77,1.0,l_D,22.01
77,1.0,l_ED,16.96
77,1.0,l_EG,15.62
77,1.0,l_G,6.47
77,1.0,l_autre,1.56
77,2.0,l_C,35.11
77,2.0,l_D,28.45
77,2.0,l_ED,17.31
77,2.0,l_EG,18.16
77,2.0,l_autre,0.98
77,3.0,l_D,1.26
77,3.0,l_ED,23.7
77,3.0,l_EG,24.47
77,3.0,l_G,8.86
77,3.0,l_autre,41.72
77,4.0,l_C,26.05
77,4.0,l_D,32.42
77,4.0,l_ED,22.07
77,4.0,l_EG,15.64
77,4.0,l_G,3.28
77,4.0,l_autre,0.54
77,5.0,l_D,39.94
77,5.0,l_ED,23.18
77,5.0,l_EG,17.33
77,5.0,l_G,18.72
77,5.0,l_autre,0.85
77,6.0,l_C,30.33
77,6.0,l_D,23.9
77,6.0,l_ED,21.83
77,6.0,l_EG,20.02
77,6.0,l_G,3.13
77,6.0,l_autre,0.8
77,7.0,l_C,31.82
77,7.0,l_D,19.74
77,7.0,l_ED,19.44
77,7.0,l_EG,22.17
77,7.0,l_G,4.31
77,7.0,l_autre,2.52
77,8.0,l_C,42.09
77,8.0,l_D,14.5
77,8.0,l_ED,12.52
77,8.0,l_EG,19.64
77,8.0,l_G,10.25
77,8.0,l_autre,0.99
77,9.0,l_C,35.99
77,9.0,l_D,19.57
77,9.0,l_ED,16.95
77,9.0,l_EG,19.18
77,9.0,l_G,6.75
77,9.0,l_autre,1.56
77,10.0,l_C,38.12
77,10.0,l_D,2.47
77,10.0,l_ED,12.67
77,10.0,l_EG,24.74
77,10.0,l_G,8.31
77,10.0,l_autre,13.68
77,11.0,l_C,30.39
77,11.0,l_D,8.34
77,11.0,l_ED,15.72
77,11.0,l_EG,17.12
77,11.0,l_G,27.37
77,11.0,l_autre,1.07
78,1.0,l_C,42.15
78,1.0,l_D,31.58
78,1.0,l_ED,6.44
78,1.0,l_EG,14.17
78,1.0,l_G,4.64
78,1.0,l_autre,1.03
78,2.0,l_C,43.84
78,2.0,l_D,26.07
78,2.0,l_ED,8.24
78,2.0,l_EG,16.83
78,2.0,l_G,1.11
78,2.0,l_autre,3.91
78,3.0,l_C,47.06
78,3.0,l_D,30.85
78,3.0,l_ED,6.96
78,3.0,l_EG,8.36
78,3.0,l_G,5.76
78,3.0,l_autre,1.01
78,4.0,l_C,47.92
78,4.0,l_D,26.49
78,4.0,l_ED,6.29
78,4.0,l_EG,12.76
78,4.0,l_G,4.99
78,4.0,l_autre,1.54
78,5.0,l_C,47.14
78,5.0,l_D,27.35
78,5.0,l_ED,5.33
78,5.0,l_EG,13.9
78,5.0,l_G,5.36
78,5.0,l_autre,0.91
78,6.0,l_C,47.92
78,6.0,l_D,28.36
78,6.0,l_ED,7.09
78,6.0,l_EG,13.66
78,6.0,l_G,1.18
78,6.0,l_autre,1.79
78,7.0,l_C,40.71
78,7.0,l_D,2.66
78,7.0,l_ED,12.44
78,7.0,l_EG,22.84
78,7.0,l_G,0.36
78,7.0,l_autre,20.97
78,8.0,l_C,24.87
78,8.0,l_D,22.14
78,8.0,l_ED,19.04
78,8.0,l_EG,20.18
78,8.0,l_G,9.33
78,8.0,l_autre,4.44
78,9.0,l_C,37.75
78,9.0,l_D,22.71
78,9.0,l_ED,18.28
78,9.0,l_EG,16.61
78,9.0,l_G,3.8
78,9.0,l_autre,0.84
78,10.0,l_C,46.63
78,10.0,l_D,20.36
78,10.0,l_ED,10.22
78,10.0,l_EG,16.44
78,10.0,l_G,5.47
78,10.0,l_autre,0.89
78,11.0,l_C,32.98
78,11.0,l_D,23.09
78,11.0,l_ED,9.09
78,11.0,l_EG,11.2
78,11.0,l_G,22.59
78,11.0,l_autre,1.04
78,12.0,l_C,41.02
78,12.0,l_D,27.07
78,12.0,l_ED,9.65
78,12.0,l_EG,16.29
78,12.0,l_G,5.16
78,12.0,l_autre,0.84
79,1.0,l_C,40.59
79,1.0,l_D,7.25
79,1.0,l_ED,9.48
79,1.0,l_EG,16.63
79,1.0,l_G,13.53
79,1.0,l_autre,12.52
79,2.0,l_C,31.6
79,2.0,l_D,12.73
79,2.0,l_ED,11.1
79,2.0,l_EG,13.91
79,2.0,l_G,29.79
79,2.0,l_autre,0.88
79,3.0,l_C,40.18
79,3.0,l_D,19.08
79,3.0,l_ED,13.85
79,3.0,l_EG,14.26
79,3.0,l_G,11.71
79,3.0,l_autre,0.91
80,1.0,l_C,34.13
80,1.0,l_D,13.38
80,1.0,l_ED,19.06
80,1.0,l_EG,25.58
80,1.0,l_G,7.06
80,1.0,l_autre,0.81
80,2.0,l_C,40.7
80,2.0,l_D,12.45
80,2.0,l_ED,12.97
80,2.0,l_EG,17.53
80,2.0,l_G,5.72
80,2.0,l_autre,10.64
80,3.0,l_C,26.09
80,3.0,l_D,21.93
80,3.0,l_ED,25.96
80,3.0,l_EG,18.9
80,3.0,l_G,6.0
80,3.0,l_autre,1.1
80,4.0,l_C,32.71
80,4.0,l_D,18.08
80,4.0,l_ED,25.36
80,4.0,l_EG,19.1
80,4.0,l_autre,4.74
80,5.0,l_ED,23.98
80,5.0,l_EG,17.89
80,5.0,l_autre,58.12
81,1.0,l_D,40.78
81,1.0,l_ED,17.5
81,1.0,l_EG,18.95
81,1.0,l_G,8.84
81,1.0,l_autre,13.93
81,2.0,l_C,34.29
81,2.0,l_D,7.15
81,2.0,l_ED,18.9
81,2.0,l_EG,24.27
81,2.0,l_G,12.98
81,2.0,l_autre,2.41
81,3.0,l_C,32.48
81,3.0,l_D,23.53
81,3.0,l_ED,16.32
81,3.0,l_EG,17.78
81,3.0,l_G,9.07
81,3.0,l_autre,0.84
82,1.0,l_C,29.1
82,1.0,l_D,15.77
82,1.0,l_ED,18.53
82,1.0,l_EG,17.3
82,1.0,l_G,18.75
82,1.0,l_autre,0.56
82,2.0,l_D,19.96
82,2.0,l_ED,23.5
82,2.0,l_EG,21.47
82,2.0,l_G,33.32
82,2.0,l_autre,1.74
83,1.0,l_C,31.8
83,1.0,l_D,29.47
83,1.0,l_ED,22.92
83,1.0,l_EG,14.94
83,1.0,l_G,0.0
83,1.0,l_autre,0.87
83,2.0,l_C,33.71
83,2.0,l_D,21.87
83,2.0,l_ED,25.69
83,2.0,l_EG,16.19
83,2.0,l_G,0.44
83,2.0,l_autre,2.09
83,3.0,l_C,33.91
83,3.0,l_D,25.55
83,3.0,l_ED,23.55
83,3.0,l_EG,14.78
83,3.0,l_autre,2.21
83,4.0,l_C,32.3
83,4.0,l_D,25.21
83,4.0,l_ED,27.12
83,4.0,l_EG,12.46
83,4.0,l_autre,2.91
83,5.0,l_C,28.58
83,5.0,l_D,25.29
83,5.0,l_ED,28.28
83,5.0,l_EG,9.29
83,5.0,l_G,4.81
83,5.0,l_autre,3.74
83,6.0,l_C,34.21
83,6.0,l_D,17.45
83,6.0,l_ED,28.49
83,6.0,l_EG,13.94
83,6.0,l_G,3.33
83,6.0,l_autre,2.58
83,7.0,l_C,31.55
83,7.0,l_D,24.51
83,7.0,l_ED,26.09
83,7.0,l_EG,16.37
83,7.0,l_G,0.29
83,7.0,l_autre,1.15
83,8.0,l_C,32.61
83,8.0,l_D,25.41
83,8.0,l_ED,25.42
83,8.0,l_EG,15.77
83,8.0,l_autre,0.79
84,1.0,l_C,30.09
84,1.0,l_D,10.42
84,1.0,l_ED,24.13
84,1.0,l_EG,26.31
84,1.0,l_G,5.41
84,1.0,l_autre,3.64
84,2.0,l_C,29.51
84,2.0,l_D,22.6
84,2.0,l_ED,24.45
84,2.0,l_EG,18.04
84,2.0,l_G,4.84
84,2.0,l_autre,0.56
84,3.0,l_C,32.07
84,3.0,l_D,13.73
84,3.0,l_ED,34.89
84,3.0,l_EG,18.54
84,3.0,l_autre,0.76
84,4.0,l_C,25.26
84,4.0,l_D,15.93
84,4.0,l_ED,38.85
84,4.0,l_EG,14.97
84,4.0,l_G,3.92
84,4.0,l_autre,1.09
84,5.0,l_C,33.3
84,5.0,l_D,22.76
84,5.0,l_ED,19.85
84,5.0,l_EG,17.94
84,5.0,l_G,5.51
84,5.0,l_autre,0.65
85,1.0,l_C,40.05
85,1.0,l_D,27.11
85,1.0,l_ED,10.25
85,1.0,l_EG,15.21
85,1.0,l_G,5.69
85,1.0,l_autre,1.68
85,2.0,l_C,36.16
85,2.0,l_D,22.97
85,2.0,l_ED,12.94
85,2.0,l_EG,15.43
85,2.0,l_G,11.97
85,2.0,l_autre,0.53
85,3.0,l_C,39.13
85,3.0,l_D,28.41
85,3.0,l_ED,13.91
85,3.0,l_EG,13.88
85,3.0,l_G,3.99
85,3.0,l_autre,0.69
85,4.0,l_C,46.6
85,4.0,l_D,1.44
85,4.0,l_ED,7.29
85,4.0,l_EG,16.21
85,4.0,l_autre,28.45
85,5.0,l_C,32.12
85,5.0,l_D,22.09
85,5.0,l_ED,11.97
85,5.0,l_EG,13.78
85,5.0,l_G,19.63
85,5.0,l_autre,0.41
86,1.0,l_C,42.29
86,1.0,l_D,11.7
86,1.0,l_ED,12.4
86,1.0,l_EG,23.36
86,1.0,l_G,9.57
86,1.0,l_autre,0.69
86,2.0,l_C,41.75
86,2.0,l_D,15.42
86,2.0,l_ED,10.09
86,2.0,l_EG,21.95
86,2.0,l_G,8.6
86,2.0,l_autre,2.18
86,3.0,l_C,39.98
86,3.0,l_D,21.72
86,3.0,l_ED,14.68
86,3.0,l_EG,19.31
86,3.0,l_G,3.18
86,3.0,l_autre,1.13
86,4.0,l_C,30.84
86,4.0,l_ED,17.39
86,4.0,l_EG,29.68
86,4.0,l_autre,22.09
87,1.0,l_C,36.52
87,1.0,l_D,13.22
87,1.0,l_ED,11.84
87,1.0,l_EG,24.9
87,1.0,l_G,13.01
87,1.0,l_autre,0.51
87,2.0,l_C,35.75
87,2.0,l_D,1.4
87,2.0,l_ED,11.59
87,2.0,l_EG,28.93
87,2.0,l_G,10.73
87,2.0,l_autre,11.59
87,3.0,l_C,37.65
87,3.0,l_D,16.07
87,3.0,l_ED,11.52
87,3.0,l_EG,20.56
87,3.0,l_G,12.84
87,3.0,l_autre,1.37
88,1.0,l_C,31.93
88,1.0,l_D,26.81
88,1.0,l_ED,20.42
88,1.0,l_EG,16.57
88,1.0,l_G,3.72
88,1.0,l_autre,0.56
88,2.0,l_C,28.22
88,2.0,l_D,29.17
88,2.0,l_ED,20.72
88,2.0,l_EG,19.36
88,2.0,l_autre,2.54
88,3.0,l_C,26.97
88,3.0,l_D,29.05
88,3.0,l_ED,18.27
88,3.0,l_EG,11.14
88,3.0,l_G,13.12
88,3.0,l_autre,1.46
88,4.0,l_C,17.34
88,4.0,l_D,27.96
88,4.0,l_ED,18.96
88,4.0,l_EG,15.62
88,4.0,l_G,18.5
88,4.0,l_autre,1.63
89,1.0,l_C,33.76
89,1.0,l_D,29.01
89,1.0,l_ED,17.2
89,1.0,l_EG,18.21
89,1.0,l_autre,1.82
89,2.0,l_C,30.22
89,2.0,l_D,2.66
89,2.0,l_ED,22.18
89,2.0,l_EG,19.1
89,2.0,l_G,2.77
89,2.0,l_autre,23.06
89,3.0,l_C,28.65
89,3.0,l_D,22.45
89,3.0,l_ED,27.43
89,3.0,l_EG,14.58
89,3.0,l_G,5.51
89,3.0,l_autre,1.39
90,1.0,l_C,31.83
90,1.0,l_D,23.7
90,1.0,l_ED,17.5
90,1.0,l_EG,14.66
90,1.0,l_G,9.1
90,1.0,l_autre,3.21
90,2.0,l_C,29.88
90,2.0,l_ED,18.13
90,2.0,l_EG,20.61
90,2.0,l_G,5.93
90,2.0,l_autre,25.45
91,1.0,l_D,26.66
91,1.0,l_ED,12.6
91,1.0,l_EG,26.6
91,1.0,l_G,27.32
91,1.0,l_autre,6.82
91,2.0,l_C,29.88
91,2.0,l_D,30.82
91,2.0,l_ED,17.16
91,2.0,l_EG,19.8
91,2.0,l_autre,2.33
91,3.0,l_C,35.0
91,3.0,l_D,10.81
91,3.0,l_ED,12.6
91,3.0,l_EG,16.92
91,3.0,l_G,11.73
91,3.0,l_autre,12.94
91,4.0,l_C,35.31
91,4.0,l_D,27.43
91,4.0,l_ED,11.13
91,4.0,l_EG,15.47
91,4.0,l_G,7.61
91,4.0,l_autre,3.04
91,5.0,l_C,47.46
91,5.0,l_D,16.82
91,5.0,l_ED,6.69
91,5.0,l_EG,16.61
91,5.0,l_G,10.46
91,5.0,l_autre,1.96
91,6.0,l_C,38.8
91,6.0,l_D,0.6
91,6.0,l_ED,9.83
91,6.0,l_EG,19.46
91,6.0,l_G,13.22
91,6.0,l_autre,18.1
91,7.0,l_C,30.99
91,7.0,l_D,24.79
91,7.0,l_ED,14.01
91,7.0,l_EG,29.24
91,7.0,l_autre,0.97
91,8.0,l_C,35.76
91,8.0,l_ED,34.04
91,8.0,l_EG,14.77
91,8.0,l_G,5.59
91,8.0,l_autre,9.85
91,9.0,l_C,35.1
91,9.0,l_D,17.04
91,9.0,l_ED,13.81
91,9.0,l_EG,19.29
91,9.0,l_G,12.95
91,9.0,l_autre,1.8
91,10.0,l_C,26.68
91,10.0,l_ED,13.74
91,10.0,l_EG,32.09
91,10.0,l_G,12.39
91,10.0,l_autre,15.11
92,1.0,l_C,29.57
92,1.0,l_D,12.03
92,1.0,l_ED,9.11
92,1.0,l_EG,36.03
92,1.0,l_G,9.33
92,1.0,l_autre,3.93
92,2.0,l_C,47.01
92,2.0,l_D,24.83
92,2.0,l_ED,5.31
92,2.0,l_EG,14.34
92,2.0,l_G,6.71
92,2.0,l_autre,1.8
92,3.0,l_C,46.59
92,3.0,l_D,28.36
92,3.0,l_ED,5.2
92,3.0,l_EG,11.94
92,3.0,l_G,4.9
92,3.0,l_autre,3.01
92,4.0,l_C,43.52
92,4.0,l_D,14.13
92,4.0,l_ED,7.48
92,4.0,l_EG,13.91
92,4.0,l_G,18.35
92,4.0,l_autre,2.61
92,5.0,l_C,41.69
92,5.0,l_D,29.41
92,5.0,l_ED,4.27
92,5.0,l_EG,16.08
92,5.0,l_G,6.79
92,5.0,l_autre,1.75
92,6.0,l_C,41.92
92,6.0,l_D,38.41
92,6.0,l_ED,5.45
92,6.0,l_EG,8.57
92,6.0,l_G,3.12
92,6.0,l_autre,2.53
92,7.0,l_C,48.48
92,7.0,l_D,28.41
92,7.0,l_ED,6.44
92,7.0,l_EG,13.37
92,7.0,l_autre,3.31
92,8.0,l_C,48.03
92,8.0,l_D,26.79
92,8.0,l_ED,4.58
92,8.0,l_EG,13.6
92,8.0,l_G,3.28
92,8.0,l_autre,3.73
92,9.0,l_D,75.93
92,9.0,l_ED,3.21
92,9.0,l_EG,9.52
92,9.0,l_G,8.21
92,9.0,l_autre,3.14
92,10.0,l_C,44.04
92,10.0,l_D,0.99
92,10.0,l_ED,4.26
92,10.0,l_EG,15.24
92,10.0,l_G,6.22
92,10.0,l_autre,29.25
92,11.0,l_C,38.43
92,11.0,l_D,1.25
92,11.0,l_ED,5.67
92,11.0,l_EG,26.8
92,11.0,l_G,14.48
92,11.0,l_autre,13.37
92,12.0,l_C,40.75
92,12.0,l_D,25.51
92,12.0,l_ED,5.69
92,12.0,l_EG,15.69
92,12.0,l_G,9.24
92,12.0,l_autre,3.12
92,13.0,l_C,45.39
92,13.0,l_D,26.04
92,13.0,l_ED,4.21
92,13.0,l_EG,14.12
92,13.0,l_G,9.08
92,13.0,l_autre,1.16
93,1.0,l_C,31.89
93,1.0,l_D,12.67
93,1.0,l_ED,5.93
93,1.0,l_EG,33.34
93,1.0,l_G,9.44
93,1.0,l_autre,6.72
93,2.0,l_C,20.69
93,2.0,l_D,6.78
93,2.0,l_ED,8.54
93,2.0,l_EG,35.33
93,2.0,l_G,22.32
93,2.0,l_autre,6.34
93,3.0,l_C,39.68
93,3.0,l_D,12.25
93,3.0,l_ED,12.17
93,3.0,l_EG,24.66
93,3.0,l_G,9.47
93,3.0,l_autre,1.76
93,4.0,l_C,25.2
93,4.0,l_D,17.52
93,4.0,l_ED,10.35
93,4.0,l_EG,37.89
93,4.0,l_G,6.63
93,4.0,l_autre,2.39
93,5.0,l_C,19.47
93,5.0,l_ED,10.15
93,5.0,l_EG,27.61
93,5.0,l_G,2.32
93,5.0,l_autre,40.46
93,6.0,l_C,27.32
93,6.0,l_D,0.45
93,6.0,l_ED,7.4
93,6.0,l_EG,36.73
93,6.0,l_G,18.67
93,6.0,l_autre,9.41
93,7.0,l_C,24.7
93,7.0,l_D,6.32
93,7.0,l_ED,4.8
93,7.0,l_EG,43.63
93,7.0,l_G,17.17
93,7.0,l_autre,3.36
93,8.0,l_C,32.9
93,8.0,l_D,21.56
93,8.0,l_ED,11.67
93,8.0,l_EG,20.35
93,8.0,l_G,9.44
93,8.0,l_autre,4.09
93,9.0,l_C,31.18
93,9.0,l_ED,9.47
93,9.0,l_EG,35.27
93,9.0,l_G,17.4
93,9.0,l_autre,6.67
93,10.0,l_C,28.64
93,10.0,l_D,22.16
93,10.0,l_ED,11.17
93,10.0,l_EG,20.37
93,10.0,l_G,14.42
93,10.0,l_autre,3.26
93,11.0,l_C,28.28
93,11.0,l_D,9.86
93,11.0,l_ED,14.37
93,11.0,l_EG,42.4
93,11.0,l_G,3.16
93,11.0,l_autre,1.95
93,12.0,l_C,33.84
93,12.0,l_ED,16.79
93,12.0,l_EG,20.36
93,12.0,l_G,8.1
93,12.0,l_autre,20.91
94,1.0,l_C,39.73
94,1.0,l_D,25.11
94,1.0,l_ED,7.98
94,1.0,l_EG,19.42
94,1.0,l_G,5.16
94,1.0,l_autre,2.6
94,2.0,l_C,33.67
94,2.0,l_D,9.96
94,2.0,l_ED,12.44
94,2.0,l_EG,30.84
94,2.0,l_G,11.92
94,2.0,l_autre,1.18
94,3.0,l_C,35.79
94,3.0,l_D,21.68
94,3.0,l_ED,14.1
94,3.0,l_EG,20.02
94,3.0,l_G,5.95
94,3.0,l_autre,2.47
94,4.0,l_C,40.37
94,4.0,l_D,22.35
94,4.0,l_ED,11.28
94,4.0,l_EG,19.02
94,4.0,l_G,4.18
94,4.0,l_autre,2.82
94,5.0,l_C,37.11
94,5.0,l_D,27.66
94,5.0,l_ED,6.11
94,5.0,l_EG,20.12
94,5.0,l_G,4.91
94,5.0,l_autre,4.09
94,6.0,l_C,40.25
94,6.0,l_ED,4.82
94,6.0,l_EG,30.05
94,6.0,l_autre,24.88
94,7.0,l_C,37.16
94,7.0,l_D,22.99
94,7.0,l_ED,9.18
94,7.0,l_EG,24.67
94,7.0,l_G,5.08
94,7.0,l_autre,0.91
94,8.0,l_C,33.73
94,8.0,l_D,37.41
94,8.0,l_ED,5.29
94,8.0,l_EG,16.3
94,8.0,l_G,4.57
94,8.0,l_autre,2.7
94,9.0,l_C,29.25
94,9.0,l_D,7.84
94,9.0,l_ED,10.34
94,9.0,l_EG,27.65
94,9.0,l_G,21.75
94,9.0,l_autre,3.18
94,10.0,l_C,30.62
94,10.0,l_D,6.6
94,10.0,l_ED,8.36
94,10.0,l_EG,39.19
94,10.0,l_G,13.29
94,10.0,l_autre,1.96
94,11.0,l_C,33.62
94,11.0,l_D,11.64
94,11.0,l_ED,7.66
94,11.0,l_EG,35.55
94,11.0,l_G,9.81
94,11.0,l_autre,1.72
95,1.0,l_C,35.93
95,1.0,l_D,19.62
95,1.0,l_ED,17.37
95,1.0,l_EG,20.36
95,1.0,l_G,5.48
95,1.0,l_autre,1.23
95,2.0,l_C,35.46
95,2.0,l_D,24.45
95,2.0,l_ED,13.21
95,2.0,l_EG,19.63
95,2.0,l_G,5.71
95,2.0,l_autre,1.58
95,3.0,l_C,40.14
95,3.0,l_D,16.73
95,3.0,l_ED,12.86
95,3.0,l_EG,20.97
95,3.0,l_G,4.75
95,3.0,l_autre,4.56
95,4.0,l_C,41.26
95,4.0,l_D,17.01
95,4.0,l_ED,12.12
95,4.0,l_EG,17.38
95,4.0,l_G,6.77
95,4.0,l_autre,5.48
95,5.0,l_C,29.95
95,5.0,l_D,14.09
95,5.0,l_ED,9.88
95,5.0,l_EG,27.66
95,5.0,l_G,16.95
95,5.0,l_autre,1.48
95,6.0,l_C,40.39
95,6.0,l_D,23.61
95,6.0,l_ED,9.92
95,6.0,l_EG,18.52
95,6.0,l_G,4.66
95,6.0,l_autre,2.89
95,7.0,l_C,35.98
95,7.0,l_D,24.26
95,7.0,l_ED,10.51
95,7.0,l_EG,19.68
95,7.0,l_G,8.57
95,7.0,l_autre,1.01
95,8.0,l_ED,11.52
95,8.0,l_EG,19.72
95,8.0,l_G,38.37
95,8.0,l_autre,30.37
95,9.0,l_C,28.94
95,9.0,l_D,16.29
95,9.0,l_ED,18.63
95,9.0,l_EG,19.24
95,9.0,l_G,11.54
95,9.0,l_autre,5.36
95,10.0,l_C,36.72
95,10.0,l_D,12.17
95,10.0,l_ED,10.37
95,10.0,l_EG,22.14
95,10.0,l_G,12.31
95,10.0,l_autre,6.29
971,1.0,l_C,43.7
971,1.0,l_D,1.49
971,1.0,l_EG,21.06
971,1.0,l_G,31.46
971,1.0,l_autre,2.29
971,2.0,l_C,18.78
971,2.0,l_D,17.48
971,2.0,l_ED,2.05
971,2.0,l_EG,12.58
971,2.0,l_G,31.61
971,2.0,l_autre,17.48
971,3.0,l_D,5.91
971,3.0,l_ED,2.65
971,3.0,l_EG,8.4
971,3.0,l_G,72.37
971,3.0,l_autre,10.69
971,4.0,l_D,35.67
971,4.0,l_ED,1.38
971,4.0,l_EG,8.57
971,4.0,l_G,51.6
971,4.0,l_autre,2.79
972,1.0,l_C,15.5
972,1.0,l_D,11.1
972,1.0,l_ED,1.28
972,1.0,l_EG,6.05
972,1.0,l_G,44.21
972,1.0,l_autre,21.86
972,2.0,l_D,20.44
972,2.0,l_ED,0.91
972,2.0,l_EG,11.1
972,2.0,l_G,54.83
972,2.0,l_autre,12.71
972,3.0,l_C,5.34
972,3.0,l_D,3.84
972,3.0,l_ED,0.94
972,3.0,l_EG,4.15
972,3.0,l_G,64.66
972,3.0,l_autre,21.07
972,4.0,l_D,18.08
972,4.0,l_ED,1.73
972,4.0,l_EG,6.26
972,4.0,l_G,15.99
972,4.0,l_autre,57.95
973,1.0,l_C,29.58
973,1.0,l_D,6.15
973,1.0,l_EG,8.96
973,1.0,l_G,52.36
973,1.0,l_autre,2.95
973,2.0,l_C,36.44
973,2.0,l_D,4.35
973,2.0,l_EG,2.44
973,2.0,l_G,34.71
973,2.0,l_autre,22.05
974,1.0,l_C,3.4
974,1.0,l_D,26.37
974,1.0,l_ED,4.65
974,1.0,l_EG,12.05
974,1.0,l_G,48.51
974,1.0,l_autre,5.03
974,2.0,l_C,7.47
974,2.0,l_D,25.58
974,2.0,l_ED,4.27
974,2.0,l_EG,4.64
974,2.0,l_G,57.08
974,2.0,l_autre,0.97
974,3.0,l_C,10.69
974,3.0,l_D,54.48
974,3.0,l_ED,7.02
974,3.0,l_EG,11.73
974,3.0,l_G,11.42
974,3.0,l_autre,4.67
974,4.0,l_C,13.56
974,4.0,l_D,40.08
974,4.0,l_ED,6.43
974,4.0,l_EG,12.85
974,4.0,l_G,25.94
974,4.0,l_autre,1.15
974,5.0,l_C,15.92
974,5.0,l_D,40.36
974,5.0,l_ED,5.92
974,5.0,l_EG,2.47
974,5.0,l_G,30.88
974,5.0,l_autre,4.45
974,6.0,l_C,27.45
974,6.0,l_D,30.87
974,6.0,l_ED,5.74
974,6.0,l_EG,10.26
974,6.0,l_G,25.07
974,6.0,l_autre,0.61
974,7.0,l_C,33.87
974,7.0,l_D,27.15
974,7.0,l_ED,4.09
974,7.0,l_EG,14.28
974,7.0,l_G,12.21
974,7.0,l_autre,8.39
975,1.0,l_D,10.8
975,1.0,l_ED,1.0
975,1.0,l_EG,5.02
975,1.0,l_G,41.59
975,1.0,l_autre,41.59
976,1.0,l_D,30.19
976,1.0,l_ED,3.04
976,1.0,l_EG,1.96
976,1.0,l_G,50.11
976,1.0,l_autre,14.68
976,2.0,l_C,12.03
976,2.0,l_D,42.05
976,2.0,l_ED,1.09
976,2.0,l_EG,2.14
976,2.0,l_G,13.85
976,2.0,l_autre,28.84
977,1.0,l_C,21.75
977,1.0,l_D,29.66
977,1.0,l_ED,5.04
977,1.0,l_G,3.13
977,1.0,l_autre,40.42
986,1.0,l_D,3.57
986,1.0,l_G,96.43
987,1.0,l_D,26.02
987,1.0,l_ED,1.46
987,1.0,l_EG,3.08
987,1.0,l_G,6.98
987,1.0,l_autre,62.46
987,2.0,l_C,13.08
987,2.0,l_D,62.64
987,2.0,l_ED,0.95
987,2.0,l_EG,2.35
987,2.0,l_G,2.61
987,2.0,l_autre,18.36
987,3.0,l_D,60.97
987,3.0,l_ED,1.21
987,3.0,l_EG,1.86
987,3.0,l_G,3.66
987,3.0,l_autre,32.29
988,1.0,l_D,77.61
988,1.0,l_ED,6.75
988,1.0,l_EG,2.36
988,1.0,l_autre,13.28
988,2.0,l_D,32.19
988,2.0,l_ED,11.69
988,2.0,l_autre,56.12
99,1.0,l_C,57.53
99,1.0,l_D,16.85
99,1.0,l_ED,2.02
99,1.0,l_EG,12.18
99,1.0,l_G,9.51
99,1.0,l_autre,1.89
99,2.0,l_C,43.17
99,2.0,l_D,17.02
99,2.0,l_ED,2.53
99,2.0,l_EG,25.06
99,2.0,l_G,2.37
99,2.0,l_autre,9.85
99,3.0,l_C,57.8
99,3.0,l_D,9.74
99,3.0,l_ED,1.76
99,3.0,l_EG,13.9
99,3.0,l_G,9.83
99,3.0,l_autre,6.99
99,4.0,l_C,52.27
99,4.0,l_D,11.88
99,4.0,l_ED,3.42
99,4.0,l_EG,20.73
99,4.0,l_G,6.52
99,4.0,l_autre,5.16
99,5.0,l_C,50.36
99,5.0,l_D,17.13
99,5.0,l_ED,6.41
99,5.0,l_EG,16.39
99,5.0,l_G,8.13
99,5.0,l_autre,1.58
99,6.0,l_C,63.55
99,6.0,l_D,17.46
99,6.0,l_ED,3.32
99,6.0,l_EG,13.71
99,6.0,l_G,0.59
99,6.0,l_autre,1.36
99,7.0,l_C,54.03
99,7.0,l_D,8.64
99,7.0,l_ED,2.47
99,7.0,l_EG,17.7
99,7.0,l_G,13.88
99,7.0,l_autre,3.3
99,8.0,l_C,36.73
99,8.0,l_D,1.3
99,8.0,l_ED,2.8
99,8.0,l_EG,13.59
99,8.0,l_G,2.13
99,8.0,l_autre,43.46
99,9.0,l_D,46.14
99,9.0,l_ED,3.17
99,9.0,l_EG,13.66
99,9.0,l_G,12.21
99,9.0,l_autre,24.83
99,10.0,l_C,60.08
99,10.0,l_D,23.13
99,10.0,l_ED,5.53
99,10.0,l_EG,1.87
99,10.0,l_G,7.35
99,10.0,l_autre,2.05
99,11.0,l_C,54.11
99,11.0,l_D,25.03
99,11.0,l_ED,3.32
99,11.0,l_EG,6.94
99,11.0,l_G,7.13
99,11.0,l_autre,3.47
