,Candidat,Departement,Parti,Score
0,Mme Marine LE PEN,Ain,Front national,"  25,00"
1,M. Emmanuel MACRON,Ain,MoDem,"  22,62"
2,M. FranÃ§ois FILLON,Ain,UMP,"  21,43"
3,M. Jean-Luc MÃLENCHON,Ain,Front de gauche,"  15,88"
4,M. Nicolas DUPONT-AIGNAN,Ain,Debout la République,"   6,07"
5,M. BenoÃ®t HAMON,Ain,Parti socialiste,"   5,13"
6,M. FranÃ§ois ASSELINEAU,Ain,UPR,"   1,11"
7,M. Jean LASSALLE,Ain,Résistons,"   1,06"
8,M. Philippe POUTOU,Ain,NPA,"   0,95"
9,Mme Nathalie ARTHAUD,Ain,Lutte ouvrière,"   0,57"
10,M. Jacques CHEMINADE,Ain,Solidarité et progrès,"   0,18"
11,Mme Marine LE PEN,Aisne,Front national,"  35,67"
12,M. Emmanuel MACRON,Aisne,MoDem,"  17,94"
13,M. Jean-Luc MÃLENCHON,Aisne,Front de gauche,"  16,99"
14,M. FranÃ§ois FILLON,Aisne,UMP,"  16,30"
15,M. Nicolas DUPONT-AIGNAN,Aisne,Debout la République,"   5,08"
16,M. BenoÃ®t HAMON,Aisne,Parti socialiste,"   4,24"
17,M. Philippe POUTOU,Aisne,NPA,"   1,10"
18,Mme Nathalie ARTHAUD,Aisne,Lutte ouvrière,"   0,96"
19,M. Jean LASSALLE,Aisne,Résistons,"   0,79"
20,M. FranÃ§ois ASSELINEAU,Aisne,UPR,"   0,75"
21,M. Jacques CHEMINADE,Aisne,Solidarité et progrès,"   0,19"
22,M. Emmanuel MACRON,Allier,MoDem,"  23,72"
23,Mme Marine LE PEN,Allier,Front national,"  22,34"
24,M. Jean-Luc MÃLENCHON,Allier,Front de gauche,"  19,91"
25,M. FranÃ§ois FILLON,Allier,UMP,"  18,94"
26,M. BenoÃ®t HAMON,Allier,Parti socialiste,"   5,52"
27,M. Nicolas DUPONT-AIGNAN,Allier,Debout la République,"   5,09"
28,M. Jean LASSALLE,Allier,Résistons,"   1,55"
29,M. Philippe POUTOU,Allier,NPA,"   1,21"
30,Mme Nathalie ARTHAUD,Allier,Lutte ouvrière,"   0,80"
31,M. FranÃ§ois ASSELINEAU,Allier,UPR,"   0,74"
32,M. Jacques CHEMINADE,Allier,Solidarité et progrès,"   0,18"
33,Mme Marine LE PEN,Alpes-de-Haute-Provence,Front national,"  24,53"
34,M. Jean-Luc MÃLENCHON,Alpes-de-Haute-Provence,Front de gauche,"  22,51"
35,M. Emmanuel MACRON,Alpes-de-Haute-Provence,MoDem,"  20,02"
36,M. FranÃ§ois FILLON,Alpes-de-Haute-Provence,UMP,"  18,49"
37,M. BenoÃ®t HAMON,Alpes-de-Haute-Provence,Parti socialiste,"   5,00"
38,M. Nicolas DUPONT-AIGNAN,Alpes-de-Haute-Provence,Debout la République,"   4,87"
39,M. Jean LASSALLE,Alpes-de-Haute-Provence,Résistons,"   1,73"
40,M. Philippe POUTOU,Alpes-de-Haute-Provence,NPA,"   1,18"
41,M. FranÃ§ois ASSELINEAU,Alpes-de-Haute-Provence,UPR,"   0,93"
42,Mme Nathalie ARTHAUD,Alpes-de-Haute-Provence,Lutte ouvrière,"   0,52"
43,M. Jacques CHEMINADE,Alpes-de-Haute-Provence,Solidarité et progrès,"   0,21"
44,M. Emmanuel MACRON,Hautes-Alpes,MoDem,"  21,80"
45,M. Jean-Luc MÃLENCHON,Hautes-Alpes,Front de gauche,"  21,62"
46,Mme Marine LE PEN,Hautes-Alpes,Front national,"  21,25"
47,M. FranÃ§ois FILLON,Hautes-Alpes,UMP,"  19,15"
48,M. BenoÃ®t HAMON,Hautes-Alpes,Parti socialiste,"   5,88"
49,M. Nicolas DUPONT-AIGNAN,Hautes-Alpes,Debout la République,"   5,68"
50,M. Jean LASSALLE,Hautes-Alpes,Résistons,"   1,85"
51,M. Philippe POUTOU,Hautes-Alpes,NPA,"   1,21"
52,M. FranÃ§ois ASSELINEAU,Hautes-Alpes,UPR,"   0,90"
53,Mme Nathalie ARTHAUD,Hautes-Alpes,Lutte ouvrière,"   0,47"
54,M. Jacques CHEMINADE,Hautes-Alpes,Solidarité et progrès,"   0,19"
55,Mme Marine LE PEN,Alpes-Maritimes,Front national,"  27,75"
56,M. FranÃ§ois FILLON,Alpes-Maritimes,UMP,"  27,39"
57,M. Emmanuel MACRON,Alpes-Maritimes,MoDem,"  19,04"
58,M. Jean-Luc MÃLENCHON,Alpes-Maritimes,Front de gauche,"  14,96"
59,M. Nicolas DUPONT-AIGNAN,Alpes-Maritimes,Debout la République,"   4,28"
60,M. BenoÃ®t HAMON,Alpes-Maritimes,Parti socialiste,"   3,58"
61,M. FranÃ§ois ASSELINEAU,Alpes-Maritimes,UPR,"   1,03"
62,M. Jean LASSALLE,Alpes-Maritimes,Résistons,"   0,90"
63,M. Philippe POUTOU,Alpes-Maritimes,NPA,"   0,62"
64,Mme Nathalie ARTHAUD,Alpes-Maritimes,Lutte ouvrière,"   0,29"
65,M. Jacques CHEMINADE,Alpes-Maritimes,Solidarité et progrès,"   0,16"
66,Mme Marine LE PEN,ArdÃ¨che,Front national,"  23,17"
67,M. Jean-Luc MÃLENCHON,ArdÃ¨che,Front de gauche,"  21,80"
68,M. Emmanuel MACRON,ArdÃ¨che,MoDem,"  21,64"
69,M. FranÃ§ois FILLON,ArdÃ¨che,UMP,"  17,30"
70,M. BenoÃ®t HAMON,ArdÃ¨che,Parti socialiste,"   6,01"
71,M. Nicolas DUPONT-AIGNAN,ArdÃ¨che,Debout la République,"   5,08"
72,M. Jean LASSALLE,ArdÃ¨che,Résistons,"   1,81"
73,M. Philippe POUTOU,ArdÃ¨che,NPA,"   1,33"
74,M. FranÃ§ois ASSELINEAU,ArdÃ¨che,UPR,"   1,01"
75,Mme Nathalie ARTHAUD,ArdÃ¨che,Lutte ouvrière,"   0,67"
76,M. Jacques CHEMINADE,ArdÃ¨che,Solidarité et progrès,"   0,19"
77,Mme Marine LE PEN,Ardennes,Front national,"  32,41"
78,M. Emmanuel MACRON,Ardennes,MoDem,"  18,33"
79,M. Jean-Luc MÃLENCHON,Ardennes,Front de gauche,"  17,83"
80,M. FranÃ§ois FILLON,Ardennes,UMP,"  17,22"
81,M. Nicolas DUPONT-AIGNAN,Ardennes,Debout la République,"   5,32"
82,M. BenoÃ®t HAMON,Ardennes,Parti socialiste,"   4,93"
83,M. Philippe POUTOU,Ardennes,NPA,"   1,15"
84,M. Jean LASSALLE,Ardennes,Résistons,"   0,96"
85,Mme Nathalie ARTHAUD,Ardennes,Lutte ouvrière,"   0,94"
86,M. FranÃ§ois ASSELINEAU,Ardennes,UPR,"   0,74"
87,M. Jacques CHEMINADE,Ardennes,Solidarité et progrès,"   0,18"
88,M. Jean-Luc MÃLENCHON,AriÃ¨ge,Front de gauche,"  26,76"
89,Mme Marine LE PEN,AriÃ¨ge,Front national,"  21,70"
90,M. Emmanuel MACRON,AriÃ¨ge,MoDem,"  20,92"
91,M. FranÃ§ois FILLON,AriÃ¨ge,UMP,"  12,75"
92,M. BenoÃ®t HAMON,AriÃ¨ge,Parti socialiste,"   7,85"
93,M. Nicolas DUPONT-AIGNAN,AriÃ¨ge,Debout la République,"   3,61"
94,M. Jean LASSALLE,AriÃ¨ge,Résistons,"   3,54"
95,M. Philippe POUTOU,AriÃ¨ge,NPA,"   1,26"
96,M. FranÃ§ois ASSELINEAU,AriÃ¨ge,UPR,"   0,86"
97,Mme Nathalie ARTHAUD,AriÃ¨ge,Lutte ouvrière,"   0,60"
98,M. Jacques CHEMINADE,AriÃ¨ge,Solidarité et progrès,"   0,15"
99,Mme Marine LE PEN,Aube,Front national,"  30,33"
100,M. FranÃ§ois FILLON,Aube,UMP,"  23,05"
101,M. Emmanuel MACRON,Aube,MoDem,"  18,98"
102,M. Jean-Luc MÃLENCHON,Aube,Front de gauche,"  13,97"
103,M. Nicolas DUPONT-AIGNAN,Aube,Debout la République,"   6,35"
104,M. BenoÃ®t HAMON,Aube,Parti socialiste,"   4,06"
105,M. Philippe POUTOU,Aube,NPA,"   0,86"
106,M. FranÃ§ois ASSELINEAU,Aube,UPR,"   0,82"
107,M. Jean LASSALLE,Aube,Résistons,"   0,72"
108,Mme Nathalie ARTHAUD,Aube,Lutte ouvrière,"   0,69"
109,M. Jacques CHEMINADE,Aube,Solidarité et progrès,"   0,18"
110,Mme Marine LE PEN,Aude,Front national,"  28,26"
111,M. Jean-Luc MÃLENCHON,Aude,Front de gauche,"  21,52"
112,M. Emmanuel MACRON,Aude,MoDem,"  20,07"
113,M. FranÃ§ois FILLON,Aude,UMP,"  15,06"
114,M. BenoÃ®t HAMON,Aude,Parti socialiste,"   6,35"
115,M. Nicolas DUPONT-AIGNAN,Aude,Debout la République,"   3,86"
116,M. Jean LASSALLE,Aude,Résistons,"   2,17"
117,M. Philippe POUTOU,Aude,NPA,"   1,17"
118,M. FranÃ§ois ASSELINEAU,Aude,UPR,"   0,83"
119,Mme Nathalie ARTHAUD,Aude,Lutte ouvrière,"   0,56"
120,M. Jacques CHEMINADE,Aude,Solidarité et progrès,"   0,16"
121,M. Emmanuel MACRON,Aveyron,MoDem,"  25,83"
122,M. FranÃ§ois FILLON,Aveyron,UMP,"  20,78"
123,M. Jean-Luc MÃLENCHON,Aveyron,Front de gauche,"  19,66"
124,Mme Marine LE PEN,Aveyron,Front national,"  16,20"
125,M. BenoÃ®t HAMON,Aveyron,Parti socialiste,"   6,16"
126,M. Nicolas DUPONT-AIGNAN,Aveyron,Debout la République,"   4,85"
127,M. Jean LASSALLE,Aveyron,Résistons,"   3,66"
128,M. Philippe POUTOU,Aveyron,NPA,"   1,32"
129,M. FranÃ§ois ASSELINEAU,Aveyron,UPR,"   0,74"
130,Mme Nathalie ARTHAUD,Aveyron,Lutte ouvrière,"   0,63"
131,M. Jacques CHEMINADE,Aveyron,Solidarité et progrès,"   0,18"
132,Mme Marine LE PEN,Bouches-du-RhÃ´ne,Front national,"  27,28"
133,M. Jean-Luc MÃLENCHON,Bouches-du-RhÃ´ne,Front de gauche,"  22,02"
134,M. FranÃ§ois FILLON,Bouches-du-RhÃ´ne,UMP,"  19,76"
135,M. Emmanuel MACRON,Bouches-du-RhÃ´ne,MoDem,"  19,37"
136,M. BenoÃ®t HAMON,Bouches-du-RhÃ´ne,Parti socialiste,"   4,53"
137,M. Nicolas DUPONT-AIGNAN,Bouches-du-RhÃ´ne,Debout la République,"   3,85"
138,M. Jean LASSALLE,Bouches-du-RhÃ´ne,Résistons,"   0,96"
139,M. FranÃ§ois ASSELINEAU,Bouches-du-RhÃ´ne,UPR,"   0,90"
140,M. Philippe POUTOU,Bouches-du-RhÃ´ne,NPA,"   0,76"
141,Mme Nathalie ARTHAUD,Bouches-du-RhÃ´ne,Lutte ouvrière,"   0,39"
142,M. Jacques CHEMINADE,Bouches-du-RhÃ´ne,Solidarité et progrès,"   0,17"
143,M. Emmanuel MACRON,Calvados,MoDem,"  24,83"
144,M. FranÃ§ois FILLON,Calvados,UMP,"  20,50"
145,Mme Marine LE PEN,Calvados,Front national,"  20,36"
146,M. Jean-Luc MÃLENCHON,Calvados,Front de gauche,"  18,83"
147,M. BenoÃ®t HAMON,Calvados,Parti socialiste,"   6,80"
148,M. Nicolas DUPONT-AIGNAN,Calvados,Debout la République,"   5,00"
149,M. Philippe POUTOU,Calvados,NPA,"   1,31"
150,Mme Nathalie ARTHAUD,Calvados,Lutte ouvrière,"   0,77"
151,M. Jean LASSALLE,Calvados,Résistons,"   0,72"
152,M. FranÃ§ois ASSELINEAU,Calvados,UPR,"   0,70"
153,M. Jacques CHEMINADE,Calvados,Solidarité et progrès,"   0,17"
154,M. Emmanuel MACRON,Cantal,MoDem,"  26,73"
155,M. FranÃ§ois FILLON,Cantal,UMP,"  23,58"
156,Mme Marine LE PEN,Cantal,Front national,"  18,17"
157,M. Jean-Luc MÃLENCHON,Cantal,Front de gauche,"  15,91"
158,M. BenoÃ®t HAMON,Cantal,Parti socialiste,"   5,25"
159,M. Nicolas DUPONT-AIGNAN,Cantal,Debout la République,"   4,42"
160,M. Jean LASSALLE,Cantal,Résistons,"   3,10"
161,M. Philippe POUTOU,Cantal,NPA,"   1,29"
162,Mme Nathalie ARTHAUD,Cantal,Lutte ouvrière,"   0,76"
163,M. FranÃ§ois ASSELINEAU,Cantal,UPR,"   0,58"
164,M. Jacques CHEMINADE,Cantal,Solidarité et progrès,"   0,22"
165,M. Emmanuel MACRON,Charente,MoDem,"  25,07"
166,Mme Marine LE PEN,Charente,Front national,"  21,40"
167,M. Jean-Luc MÃLENCHON,Charente,Front de gauche,"  20,48"
168,M. FranÃ§ois FILLON,Charente,UMP,"  16,96"
169,M. BenoÃ®t HAMON,Charente,Parti socialiste,"   6,32"
170,M. Nicolas DUPONT-AIGNAN,Charente,Debout la République,"   5,03"
171,M. Jean LASSALLE,Charente,Résistons,"   1,55"
172,M. Philippe POUTOU,Charente,NPA,"   1,37"
173,Mme Nathalie ARTHAUD,Charente,Lutte ouvrière,"   0,83"
174,M. FranÃ§ois ASSELINEAU,Charente,UPR,"   0,77"
175,M. Jacques CHEMINADE,Charente,Solidarité et progrès,"   0,23"
176,M. Emmanuel MACRON,Charente-Maritime,MoDem,"  23,91"
177,Mme Marine LE PEN,Charente-Maritime,Front national,"  21,14"
178,M. FranÃ§ois FILLON,Charente-Maritime,UMP,"  20,59"
179,M. Jean-Luc MÃLENCHON,Charente-Maritime,Front de gauche,"  18,97"
180,M. BenoÃ®t HAMON,Charente-Maritime,Parti socialiste,"   5,76"
181,M. Nicolas DUPONT-AIGNAN,Charente-Maritime,Debout la République,"   5,32"
182,M. Jean LASSALLE,Charente-Maritime,Résistons,"   1,38"
183,M. Philippe POUTOU,Charente-Maritime,NPA,"   1,28"
184,M. FranÃ§ois ASSELINEAU,Charente-Maritime,UPR,"   0,79"
185,Mme Nathalie ARTHAUD,Charente-Maritime,Lutte ouvrière,"   0,67"
186,M. Jacques CHEMINADE,Charente-Maritime,Solidarité et progrès,"   0,18"
187,Mme Marine LE PEN,Cher,Front national,"  24,18"
188,M. Emmanuel MACRON,Cher,MoDem,"  22,05"
189,M. Jean-Luc MÃLENCHON,Cher,Front de gauche,"  19,51"
190,M. FranÃ§ois FILLON,Cher,UMP,"  19,09"
191,M. Nicolas DUPONT-AIGNAN,Cher,Debout la République,"   5,53"
192,M. BenoÃ®t HAMON,Cher,Parti socialiste,"   5,30"
193,M. Philippe POUTOU,Cher,NPA,"   1,22"
194,M. Jean LASSALLE,Cher,Résistons,"   1,11"
195,Mme Nathalie ARTHAUD,Cher,Lutte ouvrière,"   0,94"
196,M. FranÃ§ois ASSELINEAU,Cher,UPR,"   0,86"
197,M. Jacques CHEMINADE,Cher,Solidarité et progrès,"   0,20"
198,M. Emmanuel MACRON,CorrÃ¨ze,MoDem,"  26,93"
199,M. Jean-Luc MÃLENCHON,CorrÃ¨ze,Front de gauche,"  20,85"
200,M. FranÃ§ois FILLON,CorrÃ¨ze,UMP,"  17,46"
201,Mme Marine LE PEN,CorrÃ¨ze,Front national,"  17,34"
202,M. BenoÃ®t HAMON,CorrÃ¨ze,Parti socialiste,"   6,36"
203,M. Nicolas DUPONT-AIGNAN,CorrÃ¨ze,Debout la République,"   4,84"
204,M. Jean LASSALLE,CorrÃ¨ze,Résistons,"   2,92"
205,M. Philippe POUTOU,CorrÃ¨ze,NPA,"   1,59"
206,M. FranÃ§ois ASSELINEAU,CorrÃ¨ze,UPR,"   0,75"
207,Mme Nathalie ARTHAUD,CorrÃ¨ze,Lutte ouvrière,"   0,72"
208,M. Jacques CHEMINADE,CorrÃ¨ze,Solidarité et progrès,"   0,23"
209,Mme Marine LE PEN,Corse-du-Sud,Front national,"  28,62"
210,M. FranÃ§ois FILLON,Corse-du-Sud,UMP,"  25,68"
211,M. Emmanuel MACRON,Corse-du-Sud,MoDem,"  17,87"
212,M. Jean-Luc MÃLENCHON,Corse-du-Sud,Front de gauche,"  13,84"
213,M. Jean LASSALLE,Corse-du-Sud,Résistons,"   5,42"
214,M. BenoÃ®t HAMON,Corse-du-Sud,Parti socialiste,"   3,49"
215,M. Nicolas DUPONT-AIGNAN,Corse-du-Sud,Debout la République,"   3,04"
216,M. Philippe POUTOU,Corse-du-Sud,NPA,"   0,90"
217,M. FranÃ§ois ASSELINEAU,Corse-du-Sud,UPR,"   0,67"
218,Mme Nathalie ARTHAUD,Corse-du-Sud,Lutte ouvrière,"   0,30"
219,M. Jacques CHEMINADE,Corse-du-Sud,Solidarité et progrès,"   0,16"
220,Mme Marine LE PEN,Haute-Corse,Front national,"  27,22"
221,M. FranÃ§ois FILLON,Haute-Corse,UMP,"  25,44"
222,M. Emmanuel MACRON,Haute-Corse,MoDem,"  19,02"
223,M. Jean-Luc MÃLENCHON,Haute-Corse,Front de gauche,"  13,78"
224,M. Jean LASSALLE,Haute-Corse,Résistons,"   5,84"
225,M. BenoÃ®t HAMON,Haute-Corse,Parti socialiste,"   3,97"
226,M. Nicolas DUPONT-AIGNAN,Haute-Corse,Debout la République,"   2,75"
227,M. Philippe POUTOU,Haute-Corse,NPA,"   0,88"
228,M. FranÃ§ois ASSELINEAU,Haute-Corse,UPR,"   0,59"
229,Mme Nathalie ARTHAUD,Haute-Corse,Lutte ouvrière,"   0,34"
230,M. Jacques CHEMINADE,Haute-Corse,Solidarité et progrès,"   0,17"
231,M. Emmanuel MACRON,CÃ´te-d'Or,MoDem,"  23,65"
232,Mme Marine LE PEN,CÃ´te-d'Or,Front national,"  22,52"
233,M. FranÃ§ois FILLON,CÃ´te-d'Or,UMP,"  21,26"
234,M. Jean-Luc MÃLENCHON,CÃ´te-d'Or,Front de gauche,"  17,84"
235,M. BenoÃ®t HAMON,CÃ´te-d'Or,Parti socialiste,"   5,90"
236,M. Nicolas DUPONT-AIGNAN,CÃ´te-d'Or,Debout la République,"   5,25"
237,M. Philippe POUTOU,CÃ´te-d'Or,NPA,"   0,99"
238,M. Jean LASSALLE,CÃ´te-d'Or,Résistons,"   0,92"
239,M. FranÃ§ois ASSELINEAU,CÃ´te-d'Or,UPR,"   0,86"
240,Mme Nathalie ARTHAUD,CÃ´te-d'Or,Lutte ouvrière,"   0,63"
241,M. Jacques CHEMINADE,CÃ´te-d'Or,Solidarité et progrès,"   0,18"
242,M. Emmanuel MACRON,CÃ´tes-d'Armor,MoDem,"  27,99"
243,M. Jean-Luc MÃLENCHON,CÃ´tes-d'Armor,Front de gauche,"  20,27"
244,M. FranÃ§ois FILLON,CÃ´tes-d'Armor,UMP,"  18,38"
245,Mme Marine LE PEN,CÃ´tes-d'Armor,Front national,"  16,46"
246,M. BenoÃ®t HAMON,CÃ´tes-d'Armor,Parti socialiste,"   8,60"
247,M. Nicolas DUPONT-AIGNAN,CÃ´tes-d'Armor,Debout la République,"   4,26"
248,M. Philippe POUTOU,CÃ´tes-d'Armor,NPA,"   1,46"
249,M. Jean LASSALLE,CÃ´tes-d'Armor,Résistons,"   0,95"
250,Mme Nathalie ARTHAUD,CÃ´tes-d'Armor,Lutte ouvrière,"   0,81"
251,M. FranÃ§ois ASSELINEAU,CÃ´tes-d'Armor,UPR,"   0,66"
252,M. Jacques CHEMINADE,CÃ´tes-d'Armor,Solidarité et progrès,"   0,17"
253,M. Emmanuel MACRON,Creuse,MoDem,"  22,50"
254,M. Jean-Luc MÃLENCHON,Creuse,Front de gauche,"  21,11"
255,Mme Marine LE PEN,Creuse,Front national,"  19,88"
256,M. FranÃ§ois FILLON,Creuse,UMP,"  17,99"
257,M. BenoÃ®t HAMON,Creuse,Parti socialiste,"   7,82"
258,M. Nicolas DUPONT-AIGNAN,Creuse,Debout la République,"   5,01"
259,M. Jean LASSALLE,Creuse,Résistons,"   1,92"
260,M. Philippe POUTOU,Creuse,NPA,"   1,72"
261,Mme Nathalie ARTHAUD,Creuse,Lutte ouvrière,"   0,97"
262,M. FranÃ§ois ASSELINEAU,Creuse,UPR,"   0,83"
263,M. Jacques CHEMINADE,Creuse,Solidarité et progrès,"   0,25"
264,M. Jean-Luc MÃLENCHON,Dordogne,Front de gauche,"  22,97"
265,M. Emmanuel MACRON,Dordogne,MoDem,"  22,49"
266,Mme Marine LE PEN,Dordogne,Front national,"  20,93"
267,M. FranÃ§ois FILLON,Dordogne,UMP,"  17,09"
268,M. BenoÃ®t HAMON,Dordogne,Parti socialiste,"   6,35"
269,M. Nicolas DUPONT-AIGNAN,Dordogne,Debout la République,"   4,59"
270,M. Jean LASSALLE,Dordogne,Résistons,"   2,43"
271,M. Philippe POUTOU,Dordogne,NPA,"   1,44"
272,M. FranÃ§ois ASSELINEAU,Dordogne,UPR,"   0,86"
273,Mme Nathalie ARTHAUD,Dordogne,Lutte ouvrière,"   0,65"
274,M. Jacques CHEMINADE,Dordogne,Solidarité et progrès,"   0,20"
275,Mme Marine LE PEN,Doubs,Front national,"  23,45"
276,M. Emmanuel MACRON,Doubs,MoDem,"  22,50"
277,M. FranÃ§ois FILLON,Doubs,UMP,"  21,09"
278,M. Jean-Luc MÃLENCHON,Doubs,Front de gauche,"  17,88"
279,M. BenoÃ®t HAMON,Doubs,Parti socialiste,"   5,74"
280,M. Nicolas DUPONT-AIGNAN,Doubs,Debout la République,"   5,18"
281,M. Philippe POUTOU,Doubs,NPA,"   1,25"
282,M. FranÃ§ois ASSELINEAU,Doubs,UPR,"   1,10"
283,M. Jean LASSALLE,Doubs,Résistons,"   0,89"
284,Mme Nathalie ARTHAUD,Doubs,Lutte ouvrière,"   0,72"
285,M. Jacques CHEMINADE,Doubs,Solidarité et progrès,"   0,19"
286,Mme Marine LE PEN,DrÃ´me,Front national,"  23,90"
287,M. Emmanuel MACRON,DrÃ´me,MoDem,"  21,88"
288,M. Jean-Luc MÃLENCHON,DrÃ´me,Front de gauche,"  20,10"
289,M. FranÃ§ois FILLON,DrÃ´me,UMP,"  18,50"
290,M. BenoÃ®t HAMON,DrÃ´me,Parti socialiste,"   6,02"
291,M. Nicolas DUPONT-AIGNAN,DrÃ´me,Debout la République,"   5,19"
292,M. Jean LASSALLE,DrÃ´me,Résistons,"   1,34"
293,M. Philippe POUTOU,DrÃ´me,NPA,"   1,10"
294,M. FranÃ§ois ASSELINEAU,DrÃ´me,UPR,"   1,03"
295,Mme Nathalie ARTHAUD,DrÃ´me,Lutte ouvrière,"   0,76"
296,M. Jacques CHEMINADE,DrÃ´me,Solidarité et progrès,"   0,18"
297,Mme Marine LE PEN,Eure,Front national,"  29,31"
298,M. Emmanuel MACRON,Eure,MoDem,"  19,89"
299,M. FranÃ§ois FILLON,Eure,UMP,"  18,84"
300,M. Jean-Luc MÃLENCHON,Eure,Front de gauche,"  17,47"
301,M. Nicolas DUPONT-AIGNAN,Eure,Debout la République,"   5,67"
302,M. BenoÃ®t HAMON,Eure,Parti socialiste,"   5,05"
303,M. Philippe POUTOU,Eure,NPA,"   1,17"
304,M. FranÃ§ois ASSELINEAU,Eure,UPR,"   0,87"
305,Mme Nathalie ARTHAUD,Eure,Lutte ouvrière,"   0,78"
306,M. Jean LASSALLE,Eure,Résistons,"   0,77"
307,M. Jacques CHEMINADE,Eure,Solidarité et progrès,"   0,18"
308,Mme Marine LE PEN,Eure-et-Loir,Front national,"  25,08"
309,M. FranÃ§ois FILLON,Eure-et-Loir,UMP,"  21,84"
310,M. Emmanuel MACRON,Eure-et-Loir,MoDem,"  21,74"
311,M. Jean-Luc MÃLENCHON,Eure-et-Loir,Front de gauche,"  16,20"
312,M. Nicolas DUPONT-AIGNAN,Eure-et-Loir,Debout la République,"   6,01"
313,M. BenoÃ®t HAMON,Eure-et-Loir,Parti socialiste,"   5,25"
314,M. Philippe POUTOU,Eure-et-Loir,NPA,"   1,13"
315,M. FranÃ§ois ASSELINEAU,Eure-et-Loir,UPR,"   0,96"
316,M. Jean LASSALLE,Eure-et-Loir,Résistons,"   0,83"
317,Mme Nathalie ARTHAUD,Eure-et-Loir,Lutte ouvrière,"   0,77"
318,M. Jacques CHEMINADE,Eure-et-Loir,Solidarité et progrès,"   0,19"
319,M. Emmanuel MACRON,FinistÃ¨re,MoDem,"  29,45"
320,M. Jean-Luc MÃLENCHON,FinistÃ¨re,Front de gauche,"  19,67"
321,M. FranÃ§ois FILLON,FinistÃ¨re,UMP,"  17,94"
322,Mme Marine LE PEN,FinistÃ¨re,Front national,"  13,89"
323,M. BenoÃ®t HAMON,FinistÃ¨re,Parti socialiste,"  10,91"
324,M. Nicolas DUPONT-AIGNAN,FinistÃ¨re,Debout la République,"   4,08"
325,M. Philippe POUTOU,FinistÃ¨re,NPA,"   1,48"
326,M. Jean LASSALLE,FinistÃ¨re,Résistons,"   1,11"
327,M. FranÃ§ois ASSELINEAU,FinistÃ¨re,UPR,"   0,66"
328,Mme Nathalie ARTHAUD,FinistÃ¨re,Lutte ouvrière,"   0,65"
329,M. Jacques CHEMINADE,FinistÃ¨re,Solidarité et progrès,"   0,15"
330,Mme Marine LE PEN,Gard,Front national,"  29,30"
331,M. Jean-Luc MÃLENCHON,Gard,Front de gauche,"  21,61"
332,M. Emmanuel MACRON,Gard,MoDem,"  18,78"
333,M. FranÃ§ois FILLON,Gard,UMP,"  17,20"
334,M. BenoÃ®t HAMON,Gard,Parti socialiste,"   4,87"
335,M. Nicolas DUPONT-AIGNAN,Gard,Debout la République,"   4,23"
336,M. Jean LASSALLE,Gard,Résistons,"   1,41"
337,M. FranÃ§ois ASSELINEAU,Gard,UPR,"   0,97"
338,M. Philippe POUTOU,Gard,NPA,"   0,96"
339,Mme Nathalie ARTHAUD,Gard,Lutte ouvrière,"   0,50"
340,M. Jacques CHEMINADE,Gard,Solidarité et progrès,"   0,16"
341,M. Emmanuel MACRON,Haute-Garonne,MoDem,"  26,43"
342,M. Jean-Luc MÃLENCHON,Haute-Garonne,Front de gauche,"  23,69"
343,Mme Marine LE PEN,Haute-Garonne,Front national,"  16,71"
344,M. FranÃ§ois FILLON,Haute-Garonne,UMP,"  16,49"
345,M. BenoÃ®t HAMON,Haute-Garonne,Parti socialiste,"   8,37"
346,M. Nicolas DUPONT-AIGNAN,Haute-Garonne,Debout la République,"   3,87"
347,M. Jean LASSALLE,Haute-Garonne,Résistons,"   2,01"
348,M. Philippe POUTOU,Haute-Garonne,NPA,"   0,99"
349,M. FranÃ§ois ASSELINEAU,Haute-Garonne,UPR,"   0,83"
350,Mme Nathalie ARTHAUD,Haute-Garonne,Lutte ouvrière,"   0,44"
351,M. Jacques CHEMINADE,Haute-Garonne,Solidarité et progrès,"   0,18"
352,M. Emmanuel MACRON,Gers,MoDem,"  23,40"
353,Mme Marine LE PEN,Gers,Front national,"  19,71"
354,M. Jean-Luc MÃLENCHON,Gers,Front de gauche,"  19,45"
355,M. FranÃ§ois FILLON,Gers,UMP,"  17,96"
356,M. BenoÃ®t HAMON,Gers,Parti socialiste,"   8,03"
357,M. Nicolas DUPONT-AIGNAN,Gers,Debout la République,"   4,53"
358,M. Jean LASSALLE,Gers,Résistons,"   4,26"
359,M. Philippe POUTOU,Gers,NPA,"   1,06"
360,M. FranÃ§ois ASSELINEAU,Gers,UPR,"   0,87"
361,Mme Nathalie ARTHAUD,Gers,Lutte ouvrière,"   0,57"
362,M. Jacques CHEMINADE,Gers,Solidarité et progrès,"   0,16"
363,M. Emmanuel MACRON,Gironde,MoDem,"  26,13"
364,M. Jean-Luc MÃLENCHON,Gironde,Front de gauche,"  21,85"
365,Mme Marine LE PEN,Gironde,Front national,"  18,26"
366,M. FranÃ§ois FILLON,Gironde,UMP,"  17,08"
367,M. BenoÃ®t HAMON,Gironde,Parti socialiste,"   7,56"
368,M. Nicolas DUPONT-AIGNAN,Gironde,Debout la République,"   4,18"
369,M. Jean LASSALLE,Gironde,Résistons,"   1,93"
370,M. Philippe POUTOU,Gironde,NPA,"   1,56"
371,M. FranÃ§ois ASSELINEAU,Gironde,UPR,"   0,82"
372,Mme Nathalie ARTHAUD,Gironde,Lutte ouvrière,"   0,47"
373,M. Jacques CHEMINADE,Gironde,Solidarité et progrès,"   0,18"
374,Mme Marine LE PEN,HÃ©rault,Front national,"  25,70"
375,M. Jean-Luc MÃLENCHON,HÃ©rault,Front de gauche,"  22,97"
376,M. Emmanuel MACRON,HÃ©rault,MoDem,"  20,52"
377,M. FranÃ§ois FILLON,HÃ©rault,UMP,"  17,60"
378,M. BenoÃ®t HAMON,HÃ©rault,Parti socialiste,"   5,77"
379,M. Nicolas DUPONT-AIGNAN,HÃ©rault,Debout la République,"   3,69"
380,M. Jean LASSALLE,HÃ©rault,Résistons,"   1,35"
381,M. FranÃ§ois ASSELINEAU,HÃ©rault,UPR,"   0,94"
382,M. Philippe POUTOU,HÃ©rault,NPA,"   0,90"
383,Mme Nathalie ARTHAUD,HÃ©rault,Lutte ouvrière,"   0,40"
384,M. Jacques CHEMINADE,HÃ©rault,Solidarité et progrès,"   0,14"
385,M. Emmanuel MACRON,Ille-et-Vilaine,MoDem,"  30,26"
386,M. Jean-Luc MÃLENCHON,Ille-et-Vilaine,Front de gauche,"  19,70"
387,M. FranÃ§ois FILLON,Ille-et-Vilaine,UMP,"  19,03"
388,Mme Marine LE PEN,Ille-et-Vilaine,Front national,"  14,12"
389,M. BenoÃ®t HAMON,Ille-et-Vilaine,Parti socialiste,"   8,91"
390,M. Nicolas DUPONT-AIGNAN,Ille-et-Vilaine,Debout la République,"   4,48"
391,M. Philippe POUTOU,Ille-et-Vilaine,NPA,"   1,18"
392,M. Jean LASSALLE,Ille-et-Vilaine,Résistons,"   0,76"
393,Mme Nathalie ARTHAUD,Ille-et-Vilaine,Lutte ouvrière,"   0,72"
394,M. FranÃ§ois ASSELINEAU,Ille-et-Vilaine,UPR,"   0,67"
395,M. Jacques CHEMINADE,Ille-et-Vilaine,Solidarité et progrès,"   0,17"
396,Mme Marine LE PEN,Indre,Front national,"  24,43"
397,M. Emmanuel MACRON,Indre,MoDem,"  20,85"
398,M. FranÃ§ois FILLON,Indre,UMP,"  19,46"
399,M. Jean-Luc MÃLENCHON,Indre,Front de gauche,"  19,05"
400,M. BenoÃ®t HAMON,Indre,Parti socialiste,"   5,95"
401,M. Nicolas DUPONT-AIGNAN,Indre,Debout la République,"   5,48"
402,M. Philippe POUTOU,Indre,NPA,"   1,34"
403,M. Jean LASSALLE,Indre,Résistons,"   1,32"
404,Mme Nathalie ARTHAUD,Indre,Lutte ouvrière,"   1,06"
405,M. FranÃ§ois ASSELINEAU,Indre,UPR,"   0,84"
406,M. Jacques CHEMINADE,Indre,Solidarité et progrès,"   0,23"
407,M. Emmanuel MACRON,Indre-et-Loire,MoDem,"  24,47"
408,M. FranÃ§ois FILLON,Indre-et-Loire,UMP,"  21,24"
409,M. Jean-Luc MÃLENCHON,Indre-et-Loire,Front de gauche,"  19,40"
410,Mme Marine LE PEN,Indre-et-Loire,Front national,"  18,98"
411,M. BenoÃ®t HAMON,Indre-et-Loire,Parti socialiste,"   6,74"
412,M. Nicolas DUPONT-AIGNAN,Indre-et-Loire,Debout la République,"   5,43"
413,M. Philippe POUTOU,Indre-et-Loire,NPA,"   1,15"
414,M. Jean LASSALLE,Indre-et-Loire,Résistons,"   0,86"
415,M. FranÃ§ois ASSELINEAU,Indre-et-Loire,UPR,"   0,77"
416,Mme Nathalie ARTHAUD,Indre-et-Loire,Lutte ouvrière,"   0,77"
417,M. Jacques CHEMINADE,Indre-et-Loire,Solidarité et progrès,"   0,20"
418,M. Emmanuel MACRON,IsÃ¨re,MoDem,"  24,77"
419,Mme Marine LE PEN,IsÃ¨re,Front national,"  22,33"
420,M. Jean-Luc MÃLENCHON,IsÃ¨re,Front de gauche,"  20,52"
421,M. FranÃ§ois FILLON,IsÃ¨re,UMP,"  17,05"
422,M. BenoÃ®t HAMON,IsÃ¨re,Parti socialiste,"   6,59"
423,M. Nicolas DUPONT-AIGNAN,IsÃ¨re,Debout la République,"   5,10"
424,M. FranÃ§ois ASSELINEAU,IsÃ¨re,UPR,"   0,99"
425,M. Jean LASSALLE,IsÃ¨re,Résistons,"   0,99"
426,M. Philippe POUTOU,IsÃ¨re,NPA,"   0,96"
427,Mme Nathalie ARTHAUD,IsÃ¨re,Lutte ouvrière,"   0,54"
428,M. Jacques CHEMINADE,IsÃ¨re,Solidarité et progrès,"   0,17"
429,Mme Marine LE PEN,Jura,Front national,"  24,14"
430,M. Emmanuel MACRON,Jura,MoDem,"  21,33"
431,M. Jean-Luc MÃLENCHON,Jura,Front de gauche,"  20,28"
432,M. FranÃ§ois FILLON,Jura,UMP,"  18,97"
433,M. Nicolas DUPONT-AIGNAN,Jura,Debout la République,"   5,71"
434,M. BenoÃ®t HAMON,Jura,Parti socialiste,"   5,07"
435,M. Jean LASSALLE,Jura,Résistons,"   1,33"
436,M. Philippe POUTOU,Jura,NPA,"   1,32"
437,M. FranÃ§ois ASSELINEAU,Jura,UPR,"   0,89"
438,Mme Nathalie ARTHAUD,Jura,Lutte ouvrière,"   0,77"
439,M. Jacques CHEMINADE,Jura,Solidarité et progrès,"   0,19"
440,M. Emmanuel MACRON,Landes,MoDem,"  24,63"
441,M. Jean-Luc MÃLENCHON,Landes,Front de gauche,"  20,15"
442,Mme Marine LE PEN,Landes,Front national,"  18,14"
443,M. FranÃ§ois FILLON,Landes,UMP,"  17,13"
444,M. BenoÃ®t HAMON,Landes,Parti socialiste,"   8,69"
445,M. Nicolas DUPONT-AIGNAN,Landes,Debout la République,"   4,45"
446,M. Jean LASSALLE,Landes,Résistons,"   4,23"
447,M. Philippe POUTOU,Landes,NPA,"   1,16"
448,M. FranÃ§ois ASSELINEAU,Landes,UPR,"   0,77"
449,Mme Nathalie ARTHAUD,Landes,Lutte ouvrière,"   0,50"
450,M. Jacques CHEMINADE,Landes,Solidarité et progrès,"   0,15"
451,Mme Marine LE PEN,Loir-et-Cher,Front national,"  25,12"
452,M. FranÃ§ois FILLON,Loir-et-Cher,UMP,"  22,07"
453,M. Emmanuel MACRON,Loir-et-Cher,MoDem,"  20,98"
454,M. Jean-Luc MÃLENCHON,Loir-et-Cher,Front de gauche,"  16,30"
455,M. Nicolas DUPONT-AIGNAN,Loir-et-Cher,Debout la République,"   6,01"
456,M. BenoÃ®t HAMON,Loir-et-Cher,Parti socialiste,"   5,66"
457,M. Philippe POUTOU,Loir-et-Cher,NPA,"   1,13"
458,M. Jean LASSALLE,Loir-et-Cher,Résistons,"   0,95"
459,Mme Nathalie ARTHAUD,Loir-et-Cher,Lutte ouvrière,"   0,80"
460,M. FranÃ§ois ASSELINEAU,Loir-et-Cher,UPR,"   0,78"
461,M. Jacques CHEMINADE,Loir-et-Cher,Solidarité et progrès,"   0,21"
462,Mme Marine LE PEN,Loire,Front national,"  24,08"
463,M. Emmanuel MACRON,Loire,MoDem,"  23,17"
464,M. Jean-Luc MÃLENCHON,Loire,Front de gauche,"  18,75"
465,M. FranÃ§ois FILLON,Loire,UMP,"  18,36"
466,M. BenoÃ®t HAMON,Loire,Parti socialiste,"   5,80"
467,M. Nicolas DUPONT-AIGNAN,Loire,Debout la République,"   5,80"
468,M. Jean LASSALLE,Loire,Résistons,"   1,29"
469,M. Philippe POUTOU,Loire,NPA,"   1,05"
470,M. FranÃ§ois ASSELINEAU,Loire,UPR,"   0,89"
471,Mme Nathalie ARTHAUD,Loire,Lutte ouvrière,"   0,65"
472,M. Jacques CHEMINADE,Loire,Solidarité et progrès,"   0,17"
473,M. Emmanuel MACRON,Haute-Loire,MoDem,"  23,51"
474,Mme Marine LE PEN,Haute-Loire,Front national,"  23,06"
475,M. FranÃ§ois FILLON,Haute-Loire,UMP,"  18,60"
476,M. Jean-Luc MÃLENCHON,Haute-Loire,Front de gauche,"  18,21"
477,M. Nicolas DUPONT-AIGNAN,Haute-Loire,Debout la République,"   5,98"
478,M. BenoÃ®t HAMON,Haute-Loire,Parti socialiste,"   5,33"
479,M. Jean LASSALLE,Haute-Loire,Résistons,"   2,23"
480,M. Philippe POUTOU,Haute-Loire,NPA,"   1,38"
481,M. FranÃ§ois ASSELINEAU,Haute-Loire,UPR,"   0,75"
482,Mme Nathalie ARTHAUD,Haute-Loire,Lutte ouvrière,"   0,75"
483,M. Jacques CHEMINADE,Haute-Loire,Solidarité et progrès,"   0,20"
484,M. Emmanuel MACRON,Loire-Atlantique,MoDem,"  28,66"
485,M. Jean-Luc MÃLENCHON,Loire-Atlantique,Front de gauche,"  21,98"
486,M. FranÃ§ois FILLON,Loire-Atlantique,UMP,"  19,68"
487,Mme Marine LE PEN,Loire-Atlantique,Front national,"  13,70"
488,M. BenoÃ®t HAMON,Loire-Atlantique,Parti socialiste,"   8,03"
489,M. Nicolas DUPONT-AIGNAN,Loire-Atlantique,Debout la République,"   4,50"
490,M. Philippe POUTOU,Loire-Atlantique,NPA,"   1,19"
491,M. FranÃ§ois ASSELINEAU,Loire-Atlantique,UPR,"   0,76"
492,M. Jean LASSALLE,Loire-Atlantique,Résistons,"   0,74"
493,Mme Nathalie ARTHAUD,Loire-Atlantique,Lutte ouvrière,"   0,59"
494,M. Jacques CHEMINADE,Loire-Atlantique,Solidarité et progrès,"   0,17"
495,Mme Marine LE PEN,Loiret,Front national,"  23,53"
496,M. Emmanuel MACRON,Loiret,MoDem,"  23,48"
497,M. FranÃ§ois FILLON,Loiret,UMP,"  21,28"
498,M. Jean-Luc MÃLENCHON,Loiret,Front de gauche,"  16,35"
499,M. Nicolas DUPONT-AIGNAN,Loiret,Debout la République,"   5,94"
500,M. BenoÃ®t HAMON,Loiret,Parti socialiste,"   5,75"
501,M. Philippe POUTOU,Loiret,NPA,"   1,03"
502,M. Jean LASSALLE,Loiret,Résistons,"   0,90"
503,M. FranÃ§ois ASSELINEAU,Loiret,UPR,"   0,87"
504,Mme Nathalie ARTHAUD,Loiret,Lutte ouvrière,"   0,67"
505,M. Jacques CHEMINADE,Loiret,Solidarité et progrès,"   0,20"
506,M. Emmanuel MACRON,Lot,MoDem,"  26,65"
507,M. Jean-Luc MÃLENCHON,Lot,Front de gauche,"  23,48"
508,M. FranÃ§ois FILLON,Lot,UMP,"  16,66"
509,Mme Marine LE PEN,Lot,Front national,"  16,13"
510,M. BenoÃ®t HAMON,Lot,Parti socialiste,"   7,18"
511,M. Nicolas DUPONT-AIGNAN,Lot,Debout la République,"   4,11"
512,M. Jean LASSALLE,Lot,Résistons,"   2,77"
513,M. Philippe POUTOU,Lot,NPA,"   1,38"
514,M. FranÃ§ois ASSELINEAU,Lot,UPR,"   0,79"
515,Mme Nathalie ARTHAUD,Lot,Lutte ouvrière,"   0,65"
516,M. Jacques CHEMINADE,Lot,Solidarité et progrès,"   0,20"
517,Mme Marine LE PEN,Lot-et-Garonne,Front national,"  25,03"
518,M. Emmanuel MACRON,Lot-et-Garonne,MoDem,"  20,79"
519,M. Jean-Luc MÃLENCHON,Lot-et-Garonne,Front de gauche,"  19,08"
520,M. FranÃ§ois FILLON,Lot-et-Garonne,UMP,"  18,44"
521,M. BenoÃ®t HAMON,Lot-et-Garonne,Parti socialiste,"   5,63"
522,M. Nicolas DUPONT-AIGNAN,Lot-et-Garonne,Debout la République,"   4,98"
523,M. Jean LASSALLE,Lot-et-Garonne,Résistons,"   3,22"
524,M. Philippe POUTOU,Lot-et-Garonne,NPA,"   1,21"
525,M. FranÃ§ois ASSELINEAU,Lot-et-Garonne,UPR,"   0,88"
526,Mme Nathalie ARTHAUD,Lot-et-Garonne,Lutte ouvrière,"   0,55"
527,M. Jacques CHEMINADE,Lot-et-Garonne,Solidarité et progrès,"   0,17"
528,M. FranÃ§ois FILLON,LozÃ¨re,UMP,"  22,82"
529,M. Emmanuel MACRON,LozÃ¨re,MoDem,"  21,73"
530,M. Jean-Luc MÃLENCHON,LozÃ¨re,Front de gauche,"  19,70"
531,Mme Marine LE PEN,LozÃ¨re,Front national,"  18,89"
532,M. BenoÃ®t HAMON,LozÃ¨re,Parti socialiste,"   5,68"
533,M. Nicolas DUPONT-AIGNAN,LozÃ¨re,Debout la République,"   4,56"
534,M. Jean LASSALLE,LozÃ¨re,Résistons,"   3,66"
535,M. Philippe POUTOU,LozÃ¨re,NPA,"   1,42"
536,M. FranÃ§ois ASSELINEAU,LozÃ¨re,UPR,"   0,74"
537,Mme Nathalie ARTHAUD,LozÃ¨re,Lutte ouvrière,"   0,61"
538,M. Jacques CHEMINADE,LozÃ¨re,Solidarité et progrès,"   0,19"
539,M. Emmanuel MACRON,Maine-et-Loire,MoDem,"  26,51"
540,M. FranÃ§ois FILLON,Maine-et-Loire,UMP,"  23,73"
541,M. Jean-Luc MÃLENCHON,Maine-et-Loire,Front de gauche,"  17,06"
542,Mme Marine LE PEN,Maine-et-Loire,Front national,"  16,98"
543,M. BenoÃ®t HAMON,Maine-et-Loire,Parti socialiste,"   6,44"
544,M. Nicolas DUPONT-AIGNAN,Maine-et-Loire,Debout la République,"   5,52"
545,M. Philippe POUTOU,Maine-et-Loire,NPA,"   1,24"
546,Mme Nathalie ARTHAUD,Maine-et-Loire,Lutte ouvrière,"   0,84"
547,M. Jean LASSALLE,Maine-et-Loire,Résistons,"   0,76"
548,M. FranÃ§ois ASSELINEAU,Maine-et-Loire,UPR,"   0,75"
549,M. Jacques CHEMINADE,Maine-et-Loire,Solidarité et progrès,"   0,18"
550,M. Emmanuel MACRON,Manche,MoDem,"  24,86"
551,M. FranÃ§ois FILLON,Manche,UMP,"  21,60"
552,Mme Marine LE PEN,Manche,Front national,"  20,51"
553,M. Jean-Luc MÃLENCHON,Manche,Front de gauche,"  16,98"
554,M. BenoÃ®t HAMON,Manche,Parti socialiste,"   6,40"
555,M. Nicolas DUPONT-AIGNAN,Manche,Debout la République,"   5,68"
556,M. Philippe POUTOU,Manche,NPA,"   1,38"
557,Mme Nathalie ARTHAUD,Manche,Lutte ouvrière,"   0,86"
558,M. Jean LASSALLE,Manche,Résistons,"   0,84"
559,M. FranÃ§ois ASSELINEAU,Manche,UPR,"   0,68"
560,M. Jacques CHEMINADE,Manche,Solidarité et progrès,"   0,21"
561,Mme Marine LE PEN,Marne,Front national,"  28,07"
562,M. FranÃ§ois FILLON,Marne,UMP,"  22,15"
563,M. Emmanuel MACRON,Marne,MoDem,"  20,75"
564,M. Jean-Luc MÃLENCHON,Marne,Front de gauche,"  15,12"
565,M. Nicolas DUPONT-AIGNAN,Marne,Debout la République,"   5,75"
566,M. BenoÃ®t HAMON,Marne,Parti socialiste,"   4,66"
567,M. Philippe POUTOU,Marne,NPA,"   0,94"
568,M. FranÃ§ois ASSELINEAU,Marne,UPR,"   0,83"
569,M. Jean LASSALLE,Marne,Résistons,"   0,80"
570,Mme Nathalie ARTHAUD,Marne,Lutte ouvrière,"   0,74"
571,M. Jacques CHEMINADE,Marne,Solidarité et progrès,"   0,18"
572,Mme Marine LE PEN,Haute-Marne,Front national,"  33,22"
573,M. FranÃ§ois FILLON,Haute-Marne,UMP,"  19,12"
574,M. Emmanuel MACRON,Haute-Marne,MoDem,"  18,00"
575,M. Jean-Luc MÃLENCHON,Haute-Marne,Front de gauche,"  15,01"
576,M. Nicolas DUPONT-AIGNAN,Haute-Marne,Debout la République,"   6,26"
577,M. BenoÃ®t HAMON,Haute-Marne,Parti socialiste,"   4,19"
578,M. Philippe POUTOU,Haute-Marne,NPA,"   1,20"
579,M. Jean LASSALLE,Haute-Marne,Résistons,"   1,10"
580,Mme Nathalie ARTHAUD,Haute-Marne,Lutte ouvrière,"   0,90"
581,M. FranÃ§ois ASSELINEAU,Haute-Marne,UPR,"   0,79"
582,M. Jacques CHEMINADE,Haute-Marne,Solidarité et progrès,"   0,19"
583,M. FranÃ§ois FILLON,Mayenne,UMP,"  27,06"
584,M. Emmanuel MACRON,Mayenne,MoDem,"  26,04"
585,Mme Marine LE PEN,Mayenne,Front national,"  16,90"
586,M. Jean-Luc MÃLENCHON,Mayenne,Front de gauche,"  14,87"
587,M. BenoÃ®t HAMON,Mayenne,Parti socialiste,"   5,69"
588,M. Nicolas DUPONT-AIGNAN,Mayenne,Debout la République,"   5,61"
589,M. Philippe POUTOU,Mayenne,NPA,"   1,24"
590,Mme Nathalie ARTHAUD,Mayenne,Lutte ouvrière,"   0,90"
591,M. Jean LASSALLE,Mayenne,Résistons,"   0,85"
592,M. FranÃ§ois ASSELINEAU,Mayenne,UPR,"   0,66"
593,M. Jacques CHEMINADE,Mayenne,Solidarité et progrès,"   0,18"
594,Mme Marine LE PEN,Meurthe-et-Moselle,Front national,"  25,86"
595,M. Emmanuel MACRON,Meurthe-et-Moselle,MoDem,"  22,04"
596,M. Jean-Luc MÃLENCHON,Meurthe-et-Moselle,Front de gauche,"  20,38"
597,M. FranÃ§ois FILLON,Meurthe-et-Moselle,UMP,"  16,50"
598,M. BenoÃ®t HAMON,Meurthe-et-Moselle,Parti socialiste,"   6,22"
599,M. Nicolas DUPONT-AIGNAN,Meurthe-et-Moselle,Debout la République,"   5,09"
600,M. Philippe POUTOU,Meurthe-et-Moselle,NPA,"   1,18"
601,M. FranÃ§ois ASSELINEAU,Meurthe-et-Moselle,UPR,"   0,91"
602,M. Jean LASSALLE,Meurthe-et-Moselle,Résistons,"   0,85"
603,Mme Nathalie ARTHAUD,Meurthe-et-Moselle,Lutte ouvrière,"   0,77"
604,M. Jacques CHEMINADE,Meurthe-et-Moselle,Solidarité et progrès,"   0,19"
605,Mme Marine LE PEN,Meuse,Front national,"  32,32"
606,M. Emmanuel MACRON,Meuse,MoDem,"  19,35"
607,M. FranÃ§ois FILLON,Meuse,UMP,"  18,02"
608,M. Jean-Luc MÃLENCHON,Meuse,Front de gauche,"  14,97"
609,M. Nicolas DUPONT-AIGNAN,Meuse,Debout la République,"   6,35"
610,M. BenoÃ®t HAMON,Meuse,Parti socialiste,"   4,59"
611,M. Philippe POUTOU,Meuse,NPA,"   1,34"
612,M. Jean LASSALLE,Meuse,Résistons,"   1,21"
613,Mme Nathalie ARTHAUD,Meuse,Lutte ouvrière,"   0,83"
614,M. FranÃ§ois ASSELINEAU,Meuse,UPR,"   0,80"
615,M. Jacques CHEMINADE,Meuse,Solidarité et progrès,"   0,22"
616,M. Emmanuel MACRON,Morbihan,MoDem,"  27,86"
617,M. FranÃ§ois FILLON,Morbihan,UMP,"  20,88"
618,Mme Marine LE PEN,Morbihan,Front national,"  17,69"
619,M. Jean-Luc MÃLENCHON,Morbihan,Front de gauche,"  17,49"
620,M. BenoÃ®t HAMON,Morbihan,Parti socialiste,"   7,33"
621,M. Nicolas DUPONT-AIGNAN,Morbihan,Debout la République,"   4,78"
622,M. Philippe POUTOU,Morbihan,NPA,"   1,35"
623,M. Jean LASSALLE,Morbihan,Résistons,"   1,03"
624,Mme Nathalie ARTHAUD,Morbihan,Lutte ouvrière,"   0,70"
625,M. FranÃ§ois ASSELINEAU,Morbihan,UPR,"   0,69"
626,M. Jacques CHEMINADE,Morbihan,Solidarité et progrès,"   0,19"
627,Mme Marine LE PEN,Moselle,Front national,"  28,35"
628,M. Emmanuel MACRON,Moselle,MoDem,"  21,05"
629,M. Jean-Luc MÃLENCHON,Moselle,Front de gauche,"  17,90"
630,M. FranÃ§ois FILLON,Moselle,UMP,"  17,17"
631,M. Nicolas DUPONT-AIGNAN,Moselle,Debout la République,"   5,82"
632,M. BenoÃ®t HAMON,Moselle,Parti socialiste,"   5,27"
633,M. Philippe POUTOU,Moselle,NPA,"   1,25"
634,M. FranÃ§ois ASSELINEAU,Moselle,UPR,"   1,07"
635,M. Jean LASSALLE,Moselle,Résistons,"   1,03"
636,Mme Nathalie ARTHAUD,Moselle,Lutte ouvrière,"   0,88"
637,M. Jacques CHEMINADE,Moselle,Solidarité et progrès,"   0,21"
638,Mme Marine LE PEN,NiÃ¨vre,Front national,"  24,76"
639,M. Emmanuel MACRON,NiÃ¨vre,MoDem,"  22,71"
640,M. Jean-Luc MÃLENCHON,NiÃ¨vre,Front de gauche,"  19,16"
641,M. FranÃ§ois FILLON,NiÃ¨vre,UMP,"  17,25"
642,M. BenoÃ®t HAMON,NiÃ¨vre,Parti socialiste,"   6,52"
643,M. Nicolas DUPONT-AIGNAN,NiÃ¨vre,Debout la République,"   5,35"
644,M. Philippe POUTOU,NiÃ¨vre,NPA,"   1,28"
645,M. Jean LASSALLE,NiÃ¨vre,Résistons,"   1,13"
646,Mme Nathalie ARTHAUD,NiÃ¨vre,Lutte ouvrière,"   0,83"
647,M. FranÃ§ois ASSELINEAU,NiÃ¨vre,UPR,"   0,80"
648,M. Jacques CHEMINADE,NiÃ¨vre,Solidarité et progrès,"   0,19"
649,Mme Marine LE PEN,Nord,Front national,"  28,22"
650,M. Jean-Luc MÃLENCHON,Nord,Front de gauche,"  21,28"
651,M. Emmanuel MACRON,Nord,MoDem,"  19,85"
652,M. FranÃ§ois FILLON,Nord,UMP,"  16,75"
653,M. BenoÃ®t HAMON,Nord,Parti socialiste,"   5,65"
654,M. Nicolas DUPONT-AIGNAN,Nord,Debout la République,"   4,82"
655,M. Philippe POUTOU,Nord,NPA,"   0,97"
656,M. FranÃ§ois ASSELINEAU,Nord,UPR,"   0,85"
657,Mme Nathalie ARTHAUD,Nord,Lutte ouvrière,"   0,81"
658,M. Jean LASSALLE,Nord,Résistons,"   0,63"
659,M. Jacques CHEMINADE,Nord,Solidarité et progrès,"   0,17"
660,Mme Marine LE PEN,Oise,Front national,"  30,88"
661,M. Emmanuel MACRON,Oise,MoDem,"  19,80"
662,M. Jean-Luc MÃLENCHON,Oise,Front de gauche,"  17,68"
663,M. FranÃ§ois FILLON,Oise,UMP,"  17,54"
664,M. Nicolas DUPONT-AIGNAN,Oise,Debout la République,"   5,47"
665,M. BenoÃ®t HAMON,Oise,Parti socialiste,"   4,69"
666,M. Philippe POUTOU,Oise,NPA,"   1,07"
667,M. FranÃ§ois ASSELINEAU,Oise,UPR,"   1,07"
668,Mme Nathalie ARTHAUD,Oise,Lutte ouvrière,"   0,84"
669,M. Jean LASSALLE,Oise,Résistons,"   0,78"
670,M. Jacques CHEMINADE,Oise,Solidarité et progrès,"   0,19"
671,M. FranÃ§ois FILLON,Orne,UMP,"  24,74"
672,Mme Marine LE PEN,Orne,Front national,"  23,81"
673,M. Emmanuel MACRON,Orne,MoDem,"  21,57"
674,M. Jean-Luc MÃLENCHON,Orne,Front de gauche,"  14,78"
675,M. Nicolas DUPONT-AIGNAN,Orne,Debout la République,"   5,81"
676,M. BenoÃ®t HAMON,Orne,Parti socialiste,"   5,21"
677,M. Philippe POUTOU,Orne,NPA,"   1,29"
678,Mme Nathalie ARTHAUD,Orne,Lutte ouvrière,"   0,91"
679,M. Jean LASSALLE,Orne,Résistons,"   0,89"
680,M. FranÃ§ois ASSELINEAU,Orne,UPR,"   0,78"
681,M. Jacques CHEMINADE,Orne,Solidarité et progrès,"   0,21"
682,Mme Marine LE PEN,Pas-de-Calais,Front national,"  34,35"
683,M. Jean-Luc MÃLENCHON,Pas-de-Calais,Front de gauche,"  19,13"
684,M. Emmanuel MACRON,Pas-de-Calais,MoDem,"  18,45"
685,M. FranÃ§ois FILLON,Pas-de-Calais,UMP,"  14,29"
686,M. BenoÃ®t HAMON,Pas-de-Calais,Parti socialiste,"   5,17"
687,M. Nicolas DUPONT-AIGNAN,Pas-de-Calais,Debout la République,"   4,97"
688,M. Philippe POUTOU,Pas-de-Calais,NPA,"   1,08"
689,Mme Nathalie ARTHAUD,Pas-de-Calais,Lutte ouvrière,"   1,04"
690,M. Jean LASSALLE,Pas-de-Calais,Résistons,"   0,70"
691,M. FranÃ§ois ASSELINEAU,Pas-de-Calais,UPR,"   0,66"
692,M. Jacques CHEMINADE,Pas-de-Calais,Solidarité et progrès,"   0,17"
693,M. Emmanuel MACRON,Puy-de-DÃ´me,MoDem,"  27,15"
694,M. Jean-Luc MÃLENCHON,Puy-de-DÃ´me,Front de gauche,"  21,99"
695,Mme Marine LE PEN,Puy-de-DÃ´me,Front national,"  17,68"
696,M. FranÃ§ois FILLON,Puy-de-DÃ´me,UMP,"  16,39"
697,M. BenoÃ®t HAMON,Puy-de-DÃ´me,Parti socialiste,"   7,24"
698,M. Nicolas DUPONT-AIGNAN,Puy-de-DÃ´me,Debout la République,"   4,38"
699,M. Jean LASSALLE,Puy-de-DÃ´me,Résistons,"   2,06"
700,M. Philippe POUTOU,Puy-de-DÃ´me,NPA,"   1,33"
701,M. FranÃ§ois ASSELINEAU,Puy-de-DÃ´me,UPR,"   0,82"
702,Mme Nathalie ARTHAUD,Puy-de-DÃ´me,Lutte ouvrière,"   0,76"
703,M. Jacques CHEMINADE,Puy-de-DÃ´me,Solidarité et progrès,"   0,21"
704,M. Emmanuel MACRON,PyrÃ©nÃ©es-Atlantiques,MoDem,"  26,28"
705,M. Jean-Luc MÃLENCHON,PyrÃ©nÃ©es-Atlantiques,Front de gauche,"  19,92"
706,M. FranÃ§ois FILLON,PyrÃ©nÃ©es-Atlantiques,UMP,"  18,16"
707,Mme Marine LE PEN,PyrÃ©nÃ©es-Atlantiques,Front national,"  13,74"
708,M. BenoÃ®t HAMON,PyrÃ©nÃ©es-Atlantiques,Parti socialiste,"   7,73"
709,M. Jean LASSALLE,PyrÃ©nÃ©es-Atlantiques,Résistons,"   7,55"
710,M. Nicolas DUPONT-AIGNAN,PyrÃ©nÃ©es-Atlantiques,Debout la République,"   3,72"
711,M. Philippe POUTOU,PyrÃ©nÃ©es-Atlantiques,NPA,"   1,61"
712,M. FranÃ§ois ASSELINEAU,PyrÃ©nÃ©es-Atlantiques,UPR,"   0,70"
713,Mme Nathalie ARTHAUD,PyrÃ©nÃ©es-Atlantiques,Lutte ouvrière,"   0,45"
714,M. Jacques CHEMINADE,PyrÃ©nÃ©es-Atlantiques,Solidarité et progrès,"   0,13"
715,M. Emmanuel MACRON,Hautes-PyrÃ©nÃ©es,MoDem,"  25,11"
716,M. Jean-Luc MÃLENCHON,Hautes-PyrÃ©nÃ©es,Front de gauche,"  23,01"
717,Mme Marine LE PEN,Hautes-PyrÃ©nÃ©es,Front national,"  18,57"
718,M. FranÃ§ois FILLON,Hautes-PyrÃ©nÃ©es,UMP,"  14,48"
719,M. BenoÃ®t HAMON,Hautes-PyrÃ©nÃ©es,Parti socialiste,"   7,11"
720,M. Jean LASSALLE,Hautes-PyrÃ©nÃ©es,Résistons,"   4,96"
721,M. Nicolas DUPONT-AIGNAN,Hautes-PyrÃ©nÃ©es,Debout la République,"   4,21"
722,M. Philippe POUTOU,Hautes-PyrÃ©nÃ©es,NPA,"   1,13"
723,M. FranÃ§ois ASSELINEAU,Hautes-PyrÃ©nÃ©es,UPR,"   0,73"
724,Mme Nathalie ARTHAUD,Hautes-PyrÃ©nÃ©es,Lutte ouvrière,"   0,55"
725,M. Jacques CHEMINADE,Hautes-PyrÃ©nÃ©es,Solidarité et progrès,"   0,14"
726,Mme Marine LE PEN,PyrÃ©nÃ©es-Orientales,Front national,"  30,05"
727,M. Jean-Luc MÃLENCHON,PyrÃ©nÃ©es-Orientales,Front de gauche,"  21,14"
728,M. Emmanuel MACRON,PyrÃ©nÃ©es-Orientales,MoDem,"  18,46"
729,M. FranÃ§ois FILLON,PyrÃ©nÃ©es-Orientales,UMP,"  17,19"
730,M. BenoÃ®t HAMON,PyrÃ©nÃ©es-Orientales,Parti socialiste,"   5,04"
731,M. Nicolas DUPONT-AIGNAN,PyrÃ©nÃ©es-Orientales,Debout la République,"   3,65"
732,M. Jean LASSALLE,PyrÃ©nÃ©es-Orientales,Résistons,"   1,74"
733,M. Philippe POUTOU,PyrÃ©nÃ©es-Orientales,NPA,"   1,14"
734,M. FranÃ§ois ASSELINEAU,PyrÃ©nÃ©es-Orientales,UPR,"   0,86"
735,Mme Nathalie ARTHAUD,PyrÃ©nÃ©es-Orientales,Lutte ouvrière,"   0,55"
736,M. Jacques CHEMINADE,PyrÃ©nÃ©es-Orientales,Solidarité et progrès,"   0,17"
737,Mme Marine LE PEN,Bas-Rhin,Front national,"  24,70"
738,M. Emmanuel MACRON,Bas-Rhin,MoDem,"  22,29"
739,M. FranÃ§ois FILLON,Bas-Rhin,UMP,"  22,00"
740,M. Jean-Luc MÃLENCHON,Bas-Rhin,Front de gauche,"  14,78"
741,M. Nicolas DUPONT-AIGNAN,Bas-Rhin,Debout la République,"   6,57"
742,M. BenoÃ®t HAMON,Bas-Rhin,Parti socialiste,"   5,34"
743,M. FranÃ§ois ASSELINEAU,Bas-Rhin,UPR,"   1,14"
744,M. Philippe POUTOU,Bas-Rhin,NPA,"   1,09"
745,M. Jean LASSALLE,Bas-Rhin,Résistons,"   1,07"
746,Mme Nathalie ARTHAUD,Bas-Rhin,Lutte ouvrière,"   0,81"
747,M. Jacques CHEMINADE,Bas-Rhin,Solidarité et progrès,"   0,20"
748,Mme Marine LE PEN,Haut-Rhin,Front national,"  27,16"
749,M. FranÃ§ois FILLON,Haut-Rhin,UMP,"  22,34"
750,M. Emmanuel MACRON,Haut-Rhin,MoDem,"  19,76"
751,M. Jean-Luc MÃLENCHON,Haut-Rhin,Front de gauche,"  14,32"
752,M. Nicolas DUPONT-AIGNAN,Haut-Rhin,Debout la République,"   7,07"
753,M. BenoÃ®t HAMON,Haut-Rhin,Parti socialiste,"   4,63"
754,M. FranÃ§ois ASSELINEAU,Haut-Rhin,UPR,"   1,29"
755,M. Jean LASSALLE,Haut-Rhin,Résistons,"   1,24"
756,M. Philippe POUTOU,Haut-Rhin,NPA,"   1,17"
757,Mme Nathalie ARTHAUD,Haut-Rhin,Lutte ouvrière,"   0,77"
758,M. Jacques CHEMINADE,Haut-Rhin,Solidarité et progrès,"   0,25"
759,M. Emmanuel MACRON,RhÃ´ne,MoDem,"  26,58"
760,M. FranÃ§ois FILLON,RhÃ´ne,UMP,"  23,16"
761,M. Jean-Luc MÃLENCHON,RhÃ´ne,Front de gauche,"  19,70"
762,Mme Marine LE PEN,RhÃ´ne,Front national,"  16,26"
763,M. BenoÃ®t HAMON,RhÃ´ne,Parti socialiste,"   6,76"
764,M. Nicolas DUPONT-AIGNAN,RhÃ´ne,Debout la République,"   4,33"
765,M. FranÃ§ois ASSELINEAU,RhÃ´ne,UPR,"   1,03"
766,M. Philippe POUTOU,RhÃ´ne,NPA,"   0,80"
767,M. Jean LASSALLE,RhÃ´ne,Résistons,"   0,75"
768,Mme Nathalie ARTHAUD,RhÃ´ne,Lutte ouvrière,"   0,46"
769,M. Jacques CHEMINADE,RhÃ´ne,Solidarité et progrès,"   0,16"
770,Mme Marine LE PEN,Haute-SaÃ´ne,Front national,"  31,36"
771,M. Emmanuel MACRON,Haute-SaÃ´ne,MoDem,"  19,59"
772,M. FranÃ§ois FILLON,Haute-SaÃ´ne,UMP,"  18,05"
773,M. Jean-Luc MÃLENCHON,Haute-SaÃ´ne,Front de gauche,"  15,88"
774,M. Nicolas DUPONT-AIGNAN,Haute-SaÃ´ne,Debout la République,"   5,86"
775,M. BenoÃ®t HAMON,Haute-SaÃ´ne,Parti socialiste,"   4,73"
776,M. Philippe POUTOU,Haute-SaÃ´ne,NPA,"   1,45"
777,M. Jean LASSALLE,Haute-SaÃ´ne,Résistons,"   1,08"
778,Mme Nathalie ARTHAUD,Haute-SaÃ´ne,Lutte ouvrière,"   0,95"
779,M. FranÃ§ois ASSELINEAU,Haute-SaÃ´ne,UPR,"   0,86"
780,M. Jacques CHEMINADE,Haute-SaÃ´ne,Solidarité et progrès,"   0,19"
781,Mme Marine LE PEN,SaÃ´ne-et-Loire,Front national,"  24,28"
782,M. Emmanuel MACRON,SaÃ´ne-et-Loire,MoDem,"  22,33"
783,M. FranÃ§ois FILLON,SaÃ´ne-et-Loire,UMP,"  19,39"
784,M. Jean-Luc MÃLENCHON,SaÃ´ne-et-Loire,Front de gauche,"  17,83"
785,M. BenoÃ®t HAMON,SaÃ´ne-et-Loire,Parti socialiste,"   6,19"
786,M. Nicolas DUPONT-AIGNAN,SaÃ´ne-et-Loire,Debout la République,"   6,12"
787,M. Philippe POUTOU,SaÃ´ne-et-Loire,NPA,"   1,16"
788,M. Jean LASSALLE,SaÃ´ne-et-Loire,Résistons,"   1,02"
789,M. FranÃ§ois ASSELINEAU,SaÃ´ne-et-Loire,UPR,"   0,82"
790,Mme Nathalie ARTHAUD,SaÃ´ne-et-Loire,Lutte ouvrière,"   0,71"
791,M. Jacques CHEMINADE,SaÃ´ne-et-Loire,Solidarité et progrès,"   0,16"
792,M. FranÃ§ois FILLON,Sarthe,UMP,"  28,61"
793,Mme Marine LE PEN,Sarthe,Front national,"  20,80"
794,M. Emmanuel MACRON,Sarthe,MoDem,"  20,04"
795,M. Jean-Luc MÃLENCHON,Sarthe,Front de gauche,"  17,63"
796,M. BenoÃ®t HAMON,Sarthe,Parti socialiste,"   5,33"
797,M. Nicolas DUPONT-AIGNAN,Sarthe,Debout la République,"   4,24"
798,M. Philippe POUTOU,Sarthe,NPA,"   1,11"
799,Mme Nathalie ARTHAUD,Sarthe,Lutte ouvrière,"   0,76"
800,M. Jean LASSALLE,Sarthe,Résistons,"   0,66"
801,M. FranÃ§ois ASSELINEAU,Sarthe,UPR,"   0,64"
802,M. Jacques CHEMINADE,Sarthe,Solidarité et progrès,"   0,17"
803,M. Emmanuel MACRON,Savoie,MoDem,"  23,13"
804,Mme Marine LE PEN,Savoie,Front national,"  21,71"
805,M. FranÃ§ois FILLON,Savoie,UMP,"  21,04"
806,M. Jean-Luc MÃLENCHON,Savoie,Front de gauche,"  18,63"
807,M. BenoÃ®t HAMON,Savoie,Parti socialiste,"   5,69"
808,M. Nicolas DUPONT-AIGNAN,Savoie,Debout la République,"   5,66"
809,M. Jean LASSALLE,Savoie,Résistons,"   1,30"
810,M. FranÃ§ois ASSELINEAU,Savoie,UPR,"   1,08"
811,M. Philippe POUTOU,Savoie,NPA,"   1,07"
812,Mme Nathalie ARTHAUD,Savoie,Lutte ouvrière,"   0,50"
813,M. Jacques CHEMINADE,Savoie,Solidarité et progrès,"   0,18"
814,M. FranÃ§ois FILLON,Haute-Savoie,UMP,"  25,41"
815,M. Emmanuel MACRON,Haute-Savoie,MoDem,"  24,23"
816,Mme Marine LE PEN,Haute-Savoie,Front national,"  18,84"
817,M. Jean-Luc MÃLENCHON,Haute-Savoie,Front de gauche,"  16,22"
818,M. Nicolas DUPONT-AIGNAN,Haute-Savoie,Debout la République,"   5,99"
819,M. BenoÃ®t HAMON,Haute-Savoie,Parti socialiste,"   5,27"
820,M. FranÃ§ois ASSELINEAU,Haute-Savoie,UPR,"   1,21"
821,M. Jean LASSALLE,Haute-Savoie,Résistons,"   1,12"
822,M. Philippe POUTOU,Haute-Savoie,NPA,"   1,03"
823,Mme Nathalie ARTHAUD,Haute-Savoie,Lutte ouvrière,"   0,46"
824,M. Jacques CHEMINADE,Haute-Savoie,Solidarité et progrès,"   0,20"
825,M. Emmanuel MACRON,Paris,MoDem,"  34,83"
826,M. FranÃ§ois FILLON,Paris,UMP,"  26,45"
827,M. Jean-Luc MÃLENCHON,Paris,Front de gauche,"  19,56"
828,M. BenoÃ®t HAMON,Paris,Parti socialiste,"  10,18"
829,Mme Marine LE PEN,Paris,Front national,"   4,99"
830,M. Nicolas DUPONT-AIGNAN,Paris,Debout la République,"   1,67"
831,M. FranÃ§ois ASSELINEAU,Paris,UPR,"   0,77"
832,M. Philippe POUTOU,Paris,NPA,"   0,63"
833,M. Jean LASSALLE,Paris,Résistons,"   0,51"
834,Mme Nathalie ARTHAUD,Paris,Lutte ouvrière,"   0,27"
835,M. Jacques CHEMINADE,Paris,Solidarité et progrès,"   0,14"
836,Mme Marine LE PEN,Seine-Maritime,Front national,"  24,90"
837,M. Jean-Luc MÃLENCHON,Seine-Maritime,Front de gauche,"  22,20"
838,M. Emmanuel MACRON,Seine-Maritime,MoDem,"  21,23"
839,M. FranÃ§ois FILLON,Seine-Maritime,UMP,"  17,24"
840,M. BenoÃ®t HAMON,Seine-Maritime,Parti socialiste,"   6,05"
841,M. Nicolas DUPONT-AIGNAN,Seine-Maritime,Debout la République,"   4,81"
842,M. Philippe POUTOU,Seine-Maritime,NPA,"   1,21"
843,Mme Nathalie ARTHAUD,Seine-Maritime,Lutte ouvrière,"   0,78"
844,M. FranÃ§ois ASSELINEAU,Seine-Maritime,UPR,"   0,76"
845,M. Jean LASSALLE,Seine-Maritime,Résistons,"   0,64"
846,M. Jacques CHEMINADE,Seine-Maritime,Solidarité et progrès,"   0,19"
847,M. Emmanuel MACRON,Seine-et-Marne,MoDem,"  23,11"
848,Mme Marine LE PEN,Seine-et-Marne,Front national,"  22,85"
849,M. Jean-Luc MÃLENCHON,Seine-et-Marne,Front de gauche,"  20,84"
850,M. FranÃ§ois FILLON,Seine-et-Marne,UMP,"  17,77"
851,M. Nicolas DUPONT-AIGNAN,Seine-et-Marne,Debout la République,"   6,10"
852,M. BenoÃ®t HAMON,Seine-et-Marne,Parti socialiste,"   5,70"
853,M. FranÃ§ois ASSELINEAU,Seine-et-Marne,UPR,"   1,20"
854,M. Philippe POUTOU,Seine-et-Marne,NPA,"   0,93"
855,M. Jean LASSALLE,Seine-et-Marne,Résistons,"   0,76"
856,Mme Nathalie ARTHAUD,Seine-et-Marne,Lutte ouvrière,"   0,54"
857,M. Jacques CHEMINADE,Seine-et-Marne,Solidarité et progrès,"   0,18"
858,M. Emmanuel MACRON,Yvelines,MoDem,"  28,86"
859,M. FranÃ§ois FILLON,Yvelines,UMP,"  27,25"
860,M. Jean-Luc MÃLENCHON,Yvelines,Front de gauche,"  16,65"
861,Mme Marine LE PEN,Yvelines,Front national,"  12,92"
862,M. BenoÃ®t HAMON,Yvelines,Parti socialiste,"   6,93"
863,M. Nicolas DUPONT-AIGNAN,Yvelines,Debout la République,"   4,34"
864,M. FranÃ§ois ASSELINEAU,Yvelines,UPR,"   1,07"
865,M. Philippe POUTOU,Yvelines,NPA,"   0,72"
866,M. Jean LASSALLE,Yvelines,Résistons,"   0,71"
867,Mme Nathalie ARTHAUD,Yvelines,Lutte ouvrière,"   0,38"
868,M. Jacques CHEMINADE,Yvelines,Solidarité et progrès,"   0,18"
869,M. Emmanuel MACRON,Deux-SÃ¨vres,MoDem,"  26,97"
870,M. Jean-Luc MÃLENCHON,Deux-SÃ¨vres,Front de gauche,"  19,41"
871,M. FranÃ§ois FILLON,Deux-SÃ¨vres,UMP,"  18,75"
872,Mme Marine LE PEN,Deux-SÃ¨vres,Front national,"  18,02"
873,M. BenoÃ®t HAMON,Deux-SÃ¨vres,Parti socialiste,"   6,97"
874,M. Nicolas DUPONT-AIGNAN,Deux-SÃ¨vres,Debout la République,"   5,30"
875,M. Philippe POUTOU,Deux-SÃ¨vres,NPA,"   1,62"
876,M. Jean LASSALLE,Deux-SÃ¨vres,Résistons,"   1,21"
877,Mme Nathalie ARTHAUD,Deux-SÃ¨vres,Lutte ouvrière,"   0,87"
878,M. FranÃ§ois ASSELINEAU,Deux-SÃ¨vres,UPR,"   0,69"
879,M. Jacques CHEMINADE,Deux-SÃ¨vres,Solidarité et progrès,"   0,18"
880,Mme Marine LE PEN,Somme,Front national,"  30,37"
881,M. Emmanuel MACRON,Somme,MoDem,"  21,75"
882,M. Jean-Luc MÃLENCHON,Somme,Front de gauche,"  18,61"
883,M. FranÃ§ois FILLON,Somme,UMP,"  16,22"
884,M. Nicolas DUPONT-AIGNAN,Somme,Debout la République,"   4,84"
885,M. BenoÃ®t HAMON,Somme,Parti socialiste,"   4,46"
886,M. Philippe POUTOU,Somme,NPA,"   1,15"
887,Mme Nathalie ARTHAUD,Somme,Lutte ouvrière,"   0,97"
888,M. Jean LASSALLE,Somme,Résistons,"   0,74"
889,M. FranÃ§ois ASSELINEAU,Somme,UPR,"   0,71"
890,M. Jacques CHEMINADE,Somme,Solidarité et progrès,"   0,18"
891,Mme Marine LE PEN,Tarn,Front national,"  22,42"
892,M. Emmanuel MACRON,Tarn,MoDem,"  22,14"
893,M. Jean-Luc MÃLENCHON,Tarn,Front de gauche,"  20,57"
894,M. FranÃ§ois FILLON,Tarn,UMP,"  17,56"
895,M. BenoÃ®t HAMON,Tarn,Parti socialiste,"   6,64"
896,M. Nicolas DUPONT-AIGNAN,Tarn,Debout la République,"   4,89"
897,M. Jean LASSALLE,Tarn,Résistons,"   3,04"
898,M. Philippe POUTOU,Tarn,NPA,"   1,16"
899,M. FranÃ§ois ASSELINEAU,Tarn,UPR,"   0,78"
900,Mme Nathalie ARTHAUD,Tarn,Lutte ouvrière,"   0,60"
901,M. Jacques CHEMINADE,Tarn,Solidarité et progrès,"   0,19"
902,Mme Marine LE PEN,Tarn-et-Garonne,Front national,"  26,69"
903,M. Emmanuel MACRON,Tarn-et-Garonne,MoDem,"  20,65"
904,M. Jean-Luc MÃLENCHON,Tarn-et-Garonne,Front de gauche,"  18,97"
905,M. FranÃ§ois FILLON,Tarn-et-Garonne,UMP,"  17,71"
906,M. BenoÃ®t HAMON,Tarn-et-Garonne,Parti socialiste,"   5,84"
907,M. Nicolas DUPONT-AIGNAN,Tarn-et-Garonne,Debout la République,"   4,93"
908,M. Jean LASSALLE,Tarn-et-Garonne,Résistons,"   2,49"
909,M. Philippe POUTOU,Tarn-et-Garonne,NPA,"   1,07"
910,M. FranÃ§ois ASSELINEAU,Tarn-et-Garonne,UPR,"   0,91"
911,Mme Nathalie ARTHAUD,Tarn-et-Garonne,Lutte ouvrière,"   0,57"
912,M. Jacques CHEMINADE,Tarn-et-Garonne,Solidarité et progrès,"   0,18"
913,Mme Marine LE PEN,Var,Front national,"  30,43"
914,M. FranÃ§ois FILLON,Var,UMP,"  24,87"
915,M. Emmanuel MACRON,Var,MoDem,"  17,73"
916,M. Jean-Luc MÃLENCHON,Var,Front de gauche,"  15,38"
917,M. Nicolas DUPONT-AIGNAN,Var,Debout la République,"   4,76"
918,M. BenoÃ®t HAMON,Var,Parti socialiste,"   3,44"
919,M. Jean LASSALLE,Var,Résistons,"   1,13"
920,M. FranÃ§ois ASSELINEAU,Var,UPR,"   0,96"
921,M. Philippe POUTOU,Var,NPA,"   0,76"
922,Mme Nathalie ARTHAUD,Var,Lutte ouvrière,"   0,37"
923,M. Jacques CHEMINADE,Var,Solidarité et progrès,"   0,16"
924,Mme Marine LE PEN,Vaucluse,Front national,"  30,53"
925,M. Jean-Luc MÃLENCHON,Vaucluse,Front de gauche,"  19,37"
926,M. FranÃ§ois FILLON,Vaucluse,UMP,"  18,97"
927,M. Emmanuel MACRON,Vaucluse,MoDem,"  18,52"
928,M. Nicolas DUPONT-AIGNAN,Vaucluse,Debout la République,"   4,60"
929,M. BenoÃ®t HAMON,Vaucluse,Parti socialiste,"   4,31"
930,M. Jean LASSALLE,Vaucluse,Résistons,"   1,27"
931,M. FranÃ§ois ASSELINEAU,Vaucluse,UPR,"   0,92"
932,M. Philippe POUTOU,Vaucluse,NPA,"   0,89"
933,Mme Nathalie ARTHAUD,Vaucluse,Lutte ouvrière,"   0,44"
934,M. Jacques CHEMINADE,Vaucluse,Solidarité et progrès,"   0,17"
935,M. Emmanuel MACRON,VendÃ©e,MoDem,"  26,26"
936,M. FranÃ§ois FILLON,VendÃ©e,UMP,"  25,50"
937,Mme Marine LE PEN,VendÃ©e,Front national,"  18,53"
938,M. Jean-Luc MÃLENCHON,VendÃ©e,Front de gauche,"  15,08"
939,M. Nicolas DUPONT-AIGNAN,VendÃ©e,Debout la République,"   5,78"
940,M. BenoÃ®t HAMON,VendÃ©e,Parti socialiste,"   5,10"
941,M. Philippe POUTOU,VendÃ©e,NPA,"   1,25"
942,M. Jean LASSALLE,VendÃ©e,Résistons,"   0,91"
943,Mme Nathalie ARTHAUD,VendÃ©e,Lutte ouvrière,"   0,79"
944,M. FranÃ§ois ASSELINEAU,VendÃ©e,UPR,"   0,65"
945,M. Jacques CHEMINADE,VendÃ©e,Solidarité et progrès,"   0,17"
946,M. Emmanuel MACRON,Vienne,MoDem,"  24,88"
947,M. Jean-Luc MÃLENCHON,Vienne,Front de gauche,"  20,64"
948,Mme Marine LE PEN,Vienne,Front national,"  19,78"
949,M. FranÃ§ois FILLON,Vienne,UMP,"  17,96"
950,M. BenoÃ®t HAMON,Vienne,Parti socialiste,"   7,09"
951,M. Nicolas DUPONT-AIGNAN,Vienne,Debout la République,"   5,01"
952,M. Philippe POUTOU,Vienne,NPA,"   1,53"
953,M. Jean LASSALLE,Vienne,Résistons,"   1,20"
954,Mme Nathalie ARTHAUD,Vienne,Lutte ouvrière,"   0,87"
955,M. FranÃ§ois ASSELINEAU,Vienne,UPR,"   0,80"
956,M. Jacques CHEMINADE,Vienne,Solidarité et progrès,"   0,24"
957,M. Emmanuel MACRON,Haute-Vienne,MoDem,"  26,67"
958,M. Jean-Luc MÃLENCHON,Haute-Vienne,Front de gauche,"  22,33"
959,Mme Marine LE PEN,Haute-Vienne,Front national,"  18,20"
960,M. FranÃ§ois FILLON,Haute-Vienne,UMP,"  15,60"
961,M. BenoÃ®t HAMON,Haute-Vienne,Parti socialiste,"   7,74"
962,M. Nicolas DUPONT-AIGNAN,Haute-Vienne,Debout la République,"   4,46"
963,M. Jean LASSALLE,Haute-Vienne,Résistons,"   1,69"
964,M. Philippe POUTOU,Haute-Vienne,NPA,"   1,46"
965,Mme Nathalie ARTHAUD,Haute-Vienne,Lutte ouvrière,"   0,89"
966,M. FranÃ§ois ASSELINEAU,Haute-Vienne,UPR,"   0,75"
967,M. Jacques CHEMINADE,Haute-Vienne,Solidarité et progrès,"   0,21"
968,Mme Marine LE PEN,Vosges,Front national,"  29,12"
969,M. Emmanuel MACRON,Vosges,MoDem,"  19,86"
970,M. FranÃ§ois FILLON,Vosges,UMP,"  18,03"
971,M. Jean-Luc MÃLENCHON,Vosges,Front de gauche,"  16,64"
972,M. Nicolas DUPONT-AIGNAN,Vosges,Debout la République,"   6,53"
973,M. BenoÃ®t HAMON,Vosges,Parti socialiste,"   4,96"
974,M. Philippe POUTOU,Vosges,NPA,"   1,47"
975,M. Jean LASSALLE,Vosges,Résistons,"   1,25"
976,M. FranÃ§ois ASSELINEAU,Vosges,UPR,"   1,01"
977,Mme Nathalie ARTHAUD,Vosges,Lutte ouvrière,"   0,91"
978,M. Jacques CHEMINADE,Vosges,Solidarité et progrès,"   0,21"
979,Mme Marine LE PEN,Yonne,Front national,"  28,52"
980,M. FranÃ§ois FILLON,Yonne,UMP,"  19,91"
981,M. Emmanuel MACRON,Yonne,MoDem,"  19,63"
982,M. Jean-Luc MÃLENCHON,Yonne,Front de gauche,"  16,70"
983,M. Nicolas DUPONT-AIGNAN,Yonne,Debout la République,"   6,32"
984,M. BenoÃ®t HAMON,Yonne,Parti socialiste,"   4,79"
985,M. Philippe POUTOU,Yonne,NPA,"   1,15"
986,M. Jean LASSALLE,Yonne,Résistons,"   1,08"
987,M. FranÃ§ois ASSELINEAU,Yonne,UPR,"   0,96"
988,Mme Nathalie ARTHAUD,Yonne,Lutte ouvrière,"   0,75"
989,M. Jacques CHEMINADE,Yonne,Solidarité et progrès,"   0,18"
990,Mme Marine LE PEN,Territoire de Belfort,Front national,"  26,89"
991,M. Emmanuel MACRON,Territoire de Belfort,MoDem,"  20,64"
992,M. Jean-Luc MÃLENCHON,Territoire de Belfort,Front de gauche,"  19,10"
993,M. FranÃ§ois FILLON,Territoire de Belfort,UMP,"  17,70"
994,M. BenoÃ®t HAMON,Territoire de Belfort,Parti socialiste,"   5,85"
995,M. Nicolas DUPONT-AIGNAN,Territoire de Belfort,Debout la République,"   5,27"
996,M. FranÃ§ois ASSELINEAU,Territoire de Belfort,UPR,"   1,31"
997,M. Philippe POUTOU,Territoire de Belfort,NPA,"   1,24"
998,M. Jean LASSALLE,Territoire de Belfort,Résistons,"   0,93"
999,Mme Nathalie ARTHAUD,Territoire de Belfort,Lutte ouvrière,"   0,83"
1000,M. Jacques CHEMINADE,Territoire de Belfort,Solidarité et progrès,"   0,23"
1001,M. Emmanuel MACRON,Essonne,MoDem,"  26,21"
1002,M. Jean-Luc MÃLENCHON,Essonne,Front de gauche,"  21,88"
1003,M. FranÃ§ois FILLON,Essonne,UMP,"  18,04"
1004,Mme Marine LE PEN,Essonne,Front national,"  16,43"
1005,M. Nicolas DUPONT-AIGNAN,Essonne,Debout la République,"   7,18"
1006,M. BenoÃ®t HAMON,Essonne,Parti socialiste,"   6,75"
1007,M. FranÃ§ois ASSELINEAU,Essonne,UPR,"   1,21"
1008,M. Philippe POUTOU,Essonne,NPA,"   0,92"
1009,M. Jean LASSALLE,Essonne,Résistons,"   0,72"
1010,Mme Nathalie ARTHAUD,Essonne,Lutte ouvrière,"   0,47"
1011,M. Jacques CHEMINADE,Essonne,Solidarité et progrès,"   0,20"
1012,M. Emmanuel MACRON,Hauts-de-Seine,MoDem,"  32,30"
1013,M. FranÃ§ois FILLON,Hauts-de-Seine,UMP,"  29,14"
1014,M. Jean-Luc MÃLENCHON,Hauts-de-Seine,Front de gauche,"  18,28"
1015,Mme Marine LE PEN,Hauts-de-Seine,Front national,"   7,64"
1016,M. BenoÃ®t HAMON,Hauts-de-Seine,Parti socialiste,"   7,19"
1017,M. Nicolas DUPONT-AIGNAN,Hauts-de-Seine,Debout la République,"   2,69"
1018,M. FranÃ§ois ASSELINEAU,Hauts-de-Seine,UPR,"   1,06"
1019,M. Philippe POUTOU,Hauts-de-Seine,NPA,"   0,63"
1020,M. Jean LASSALLE,Hauts-de-Seine,Résistons,"   0,60"
1021,Mme Nathalie ARTHAUD,Hauts-de-Seine,Lutte ouvrière,"   0,31"
1022,M. Jacques CHEMINADE,Hauts-de-Seine,Solidarité et progrès,"   0,17"
1023,M. Jean-Luc MÃLENCHON,Seine-Saint-Denis,Front de gauche,"  34,02"
1024,M. Emmanuel MACRON,Seine-Saint-Denis,MoDem,"  24,04"
1025,Mme Marine LE PEN,Seine-Saint-Denis,Front national,"  13,59"
1026,M. FranÃ§ois FILLON,Seine-Saint-Denis,UMP,"  12,76"
1027,M. BenoÃ®t HAMON,Seine-Saint-Denis,Parti socialiste,"   8,41"
1028,M. Nicolas DUPONT-AIGNAN,Seine-Saint-Denis,Debout la République,"   3,07"
1029,M. FranÃ§ois ASSELINEAU,Seine-Saint-Denis,UPR,"   1,61"
1030,M. Philippe POUTOU,Seine-Saint-Denis,NPA,"   1,12"
1031,Mme Nathalie ARTHAUD,Seine-Saint-Denis,Lutte ouvrière,"   0,60"
1032,M. Jean LASSALLE,Seine-Saint-Denis,Résistons,"   0,58"
1033,M. Jacques CHEMINADE,Seine-Saint-Denis,Solidarité et progrès,"   0,20"
1034,M. Emmanuel MACRON,Val-de-Marne,MoDem,"  28,33"
1035,M. Jean-Luc MÃLENCHON,Val-de-Marne,Front de gauche,"  24,53"
1036,M. FranÃ§ois FILLON,Val-de-Marne,UMP,"  20,21"
1037,Mme Marine LE PEN,Val-de-Marne,Front national,"  11,50"
1038,M. BenoÃ®t HAMON,Val-de-Marne,Parti socialiste,"   7,77"
1039,M. Nicolas DUPONT-AIGNAN,Val-de-Marne,Debout la République,"   4,32"
1040,M. FranÃ§ois ASSELINEAU,Val-de-Marne,UPR,"   1,20"
1041,M. Philippe POUTOU,Val-de-Marne,NPA,"   0,86"
1042,M. Jean LASSALLE,Val-de-Marne,Résistons,"   0,65"
1043,Mme Nathalie ARTHAUD,Val-de-Marne,Lutte ouvrière,"   0,45"
1044,M. Jacques CHEMINADE,Val-de-Marne,Solidarité et progrès,"   0,18"
1045,M. Emmanuel MACRON,Val-d'Oise,MoDem,"  25,31"
1046,M. Jean-Luc MÃLENCHON,Val-d'Oise,Front de gauche,"  23,96"
1047,M. FranÃ§ois FILLON,Val-d'Oise,UMP,"  18,45"
1048,Mme Marine LE PEN,Val-d'Oise,Front national,"  17,18"
1049,M. BenoÃ®t HAMON,Val-d'Oise,Parti socialiste,"   6,84"
1050,M. Nicolas DUPONT-AIGNAN,Val-d'Oise,Debout la République,"   4,52"
1051,M. FranÃ§ois ASSELINEAU,Val-d'Oise,UPR,"   1,41"
1052,M. Philippe POUTOU,Val-d'Oise,NPA,"   0,92"
1053,M. Jean LASSALLE,Val-d'Oise,Résistons,"   0,73"
1054,Mme Nathalie ARTHAUD,Val-d'Oise,Lutte ouvrière,"   0,50"
1055,M. Jacques CHEMINADE,Val-d'Oise,Solidarité et progrès,"   0,18"
1056,M. Emmanuel MACRON,Guadeloupe,MoDem,"  30,23"
1057,M. Jean-Luc MÃLENCHON,Guadeloupe,Front de gauche,"  24,13"
1058,M. FranÃ§ois FILLON,Guadeloupe,UMP,"  14,53"
1059,Mme Marine LE PEN,Guadeloupe,Front national,"  13,51"
1060,M. BenoÃ®t HAMON,Guadeloupe,Parti socialiste,"   9,95"
1061,M. Philippe POUTOU,Guadeloupe,NPA,"   2,05"
1062,M. Nicolas DUPONT-AIGNAN,Guadeloupe,Debout la République,"   1,82"
1063,Mme Nathalie ARTHAUD,Guadeloupe,Lutte ouvrière,"   1,76"
1064,M. FranÃ§ois ASSELINEAU,Guadeloupe,UPR,"   1,17"
1065,M. Jean LASSALLE,Guadeloupe,Résistons,"   0,58"
1066,M. Jacques CHEMINADE,Guadeloupe,Solidarité et progrès,"   0,29"
1067,M. Jean-Luc MÃLENCHON,Martinique,Front de gauche,"  27,37"
1068,M. Emmanuel MACRON,Martinique,MoDem,"  25,53"
1069,M. FranÃ§ois FILLON,Martinique,UMP,"  16,84"
1070,Mme Marine LE PEN,Martinique,Front national,"  10,94"
1071,M. BenoÃ®t HAMON,Martinique,Parti socialiste,"   9,76"
1072,M. Philippe POUTOU,Martinique,NPA,"   2,94"
1073,M. Nicolas DUPONT-AIGNAN,Martinique,Debout la République,"   2,14"
1074,Mme Nathalie ARTHAUD,Martinique,Lutte ouvrière,"   2,06"
1075,M. FranÃ§ois ASSELINEAU,Martinique,UPR,"   1,29"
1076,M. Jean LASSALLE,Martinique,Résistons,"   0,80"
1077,M. Jacques CHEMINADE,Martinique,Solidarité et progrès,"   0,34"
1078,M. Jean-Luc MÃLENCHON,Guyane,Front de gauche,"  24,71"
1079,Mme Marine LE PEN,Guyane,Front national,"  24,30"
1080,M. Emmanuel MACRON,Guyane,MoDem,"  18,75"
1081,M. FranÃ§ois FILLON,Guyane,UMP,"  14,66"
1082,M. BenoÃ®t HAMON,Guyane,Parti socialiste,"   5,70"
1083,M. Philippe POUTOU,Guyane,NPA,"   5,23"
1084,M. FranÃ§ois ASSELINEAU,Guyane,UPR,"   1,79"
1085,M. Nicolas DUPONT-AIGNAN,Guyane,Debout la République,"   1,76"
1086,Mme Nathalie ARTHAUD,Guyane,Lutte ouvrière,"   1,72"
1087,M. Jean LASSALLE,Guyane,Résistons,"   1,02"
1088,M. Jacques CHEMINADE,Guyane,Solidarité et progrès,"   0,37"
1089,M. Jean-Luc MÃLENCHON,La RÃ©union,Front de gauche,"  24,53"
1090,Mme Marine LE PEN,La RÃ©union,Front national,"  23,46"
1091,M. Emmanuel MACRON,La RÃ©union,MoDem,"  18,91"
1092,M. FranÃ§ois FILLON,La RÃ©union,UMP,"  17,26"
1093,M. BenoÃ®t HAMON,La RÃ©union,Parti socialiste,"   7,67"
1094,M. Nicolas DUPONT-AIGNAN,La RÃ©union,Debout la République,"   2,89"
1095,M. FranÃ§ois ASSELINEAU,La RÃ©union,UPR,"   1,72"
1096,Mme Nathalie ARTHAUD,La RÃ©union,Lutte ouvrière,"   1,48"
1097,M. Philippe POUTOU,La RÃ©union,NPA,"   1,25"
1098,M. Jean LASSALLE,La RÃ©union,Résistons,"   0,55"
1099,M. Jacques CHEMINADE,La RÃ©union,Solidarité et progrès,"   0,27"
1100,M. Jean-Luc MÃLENCHON,Saint-Pierre-et-Miquelon,Front de gauche,"  35,45"
1101,Mme Marine LE PEN,Saint-Pierre-et-Miquelon,Front national,"  18,16"
1102,M. Emmanuel MACRON,Saint-Pierre-et-Miquelon,MoDem,"  17,97"
1103,M. FranÃ§ois FILLON,Saint-Pierre-et-Miquelon,UMP,"   9,92"
1104,M. BenoÃ®t HAMON,Saint-Pierre-et-Miquelon,Parti socialiste,"   8,24"
1105,M. Nicolas DUPONT-AIGNAN,Saint-Pierre-et-Miquelon,Debout la République,"   3,00"
1106,M. Philippe POUTOU,Saint-Pierre-et-Miquelon,NPA,"   2,43"
1107,M. Jean LASSALLE,Saint-Pierre-et-Miquelon,Résistons,"   2,05"
1108,M. FranÃ§ois ASSELINEAU,Saint-Pierre-et-Miquelon,UPR,"   1,37"
1109,Mme Nathalie ARTHAUD,Saint-Pierre-et-Miquelon,Lutte ouvrière,"   1,06"
1110,M. Jacques CHEMINADE,Saint-Pierre-et-Miquelon,Solidarité et progrès,"   0,34"
1111,M. FranÃ§ois FILLON,Mayotte,UMP,"  32,62"
1112,Mme Marine LE PEN,Mayotte,Front national,"  27,19"
1113,M. Emmanuel MACRON,Mayotte,MoDem,"  19,21"
1114,M. Jean-Luc MÃLENCHON,Mayotte,Front de gauche,"   8,42"
1115,M. BenoÃ®t HAMON,Mayotte,Parti socialiste,"   4,33"
1116,M. Nicolas DUPONT-AIGNAN,Mayotte,Debout la République,"   3,08"
1117,M. Philippe POUTOU,Mayotte,NPA,"   1,87"
1118,M. FranÃ§ois ASSELINEAU,Mayotte,UPR,"   1,23"
1119,Mme Nathalie ARTHAUD,Mayotte,Lutte ouvrière,"   1,01"
1120,M. Jean LASSALLE,Mayotte,Résistons,"   0,55"
1121,M. Jacques CHEMINADE,Mayotte,Solidarité et progrès,"   0,49"
1122,M. FranÃ§ois FILLON,Saint-Martin/Saint-BarthÃ©lemy,UMP,"  32,02"
1123,Mme Marine LE PEN,Saint-Martin/Saint-BarthÃ©lemy,Front national,"  23,32"
1124,M. Emmanuel MACRON,Saint-Martin/Saint-BarthÃ©lemy,MoDem,"  19,99"
1125,M. Jean-Luc MÃLENCHON,Saint-Martin/Saint-BarthÃ©lemy,Front de gauche,"  14,66"
1126,M. BenoÃ®t HAMON,Saint-Martin/Saint-BarthÃ©lemy,Parti socialiste,"   3,14"
1127,M. Nicolas DUPONT-AIGNAN,Saint-Martin/Saint-BarthÃ©lemy,Debout la République,"   2,75"
1128,M. FranÃ§ois ASSELINEAU,Saint-Martin/Saint-BarthÃ©lemy,UPR,"   1,42"
1129,M. Philippe POUTOU,Saint-Martin/Saint-BarthÃ©lemy,NPA,"   1,17"
1130,M. Jean LASSALLE,Saint-Martin/Saint-BarthÃ©lemy,Résistons,"   0,86"
1131,Mme Nathalie ARTHAUD,Saint-Martin/Saint-BarthÃ©lemy,Lutte ouvrière,"   0,45"
1132,M. Jacques CHEMINADE,Saint-Martin/Saint-BarthÃ©lemy,Solidarité et progrès,"   0,23"
1133,M. Emmanuel MACRON,Wallis et Futuna,MoDem,"  30,48"
1134,M. FranÃ§ois FILLON,Wallis et Futuna,UMP,"  28,53"
1135,M. BenoÃ®t HAMON,Wallis et Futuna,Parti socialiste,"  25,22"
1136,Mme Marine LE PEN,Wallis et Futuna,Front national,"   7,11"
1137,M. Jean-Luc MÃLENCHON,Wallis et Futuna,Front de gauche,"   3,59"
1138,M. Nicolas DUPONT-AIGNAN,Wallis et Futuna,Debout la République,"   1,48"
1139,Mme Nathalie ARTHAUD,Wallis et Futuna,Lutte ouvrière,"   1,01"
1140,M. FranÃ§ois ASSELINEAU,Wallis et Futuna,UPR,"   0,93"
1141,M. Philippe POUTOU,Wallis et Futuna,NPA,"   0,77"
1142,M. Jean LASSALLE,Wallis et Futuna,Résistons,"   0,54"
1143,M. Jacques CHEMINADE,Wallis et Futuna,Solidarité et progrès,"   0,34"
1144,M. FranÃ§ois FILLON,PolynÃ©sie franÃ§aise,UMP,"  35,28"
1145,Mme Marine LE PEN,PolynÃ©sie franÃ§aise,Front national,"  32,54"
1146,M. Emmanuel MACRON,PolynÃ©sie franÃ§aise,MoDem,"  14,70"
1147,M. Jean-Luc MÃLENCHON,PolynÃ©sie franÃ§aise,Front de gauche,"   7,87"
1148,M. BenoÃ®t HAMON,PolynÃ©sie franÃ§aise,Parti socialiste,"   2,91"
1149,M. Nicolas DUPONT-AIGNAN,PolynÃ©sie franÃ§aise,Debout la République,"   2,34"
1150,M. FranÃ§ois ASSELINEAU,PolynÃ©sie franÃ§aise,UPR,"   1,59"
1151,M. Philippe POUTOU,PolynÃ©sie franÃ§aise,NPA,"   1,00"
1152,Mme Nathalie ARTHAUD,PolynÃ©sie franÃ§aise,Lutte ouvrière,"   0,91"
1153,M. Jean LASSALLE,PolynÃ©sie franÃ§aise,Résistons,"   0,59"
1154,M. Jacques CHEMINADE,PolynÃ©sie franÃ§aise,Solidarité et progrès,"   0,27"
1155,M. FranÃ§ois FILLON,Nouvelle-CalÃ©donie,UMP,"  31,13"
1156,Mme Marine LE PEN,Nouvelle-CalÃ©donie,Front national,"  29,09"
1157,M. Emmanuel MACRON,Nouvelle-CalÃ©donie,MoDem,"  12,75"
1158,M. BenoÃ®t HAMON,Nouvelle-CalÃ©donie,Parti socialiste,"   9,34"
1159,M. Jean-Luc MÃLENCHON,Nouvelle-CalÃ©donie,Front de gauche,"   8,86"
1160,M. Nicolas DUPONT-AIGNAN,Nouvelle-CalÃ©donie,Debout la République,"   2,90"
1161,M. FranÃ§ois ASSELINEAU,Nouvelle-CalÃ©donie,UPR,"   2,41"
1162,M. Philippe POUTOU,Nouvelle-CalÃ©donie,NPA,"   1,48"
1163,Mme Nathalie ARTHAUD,Nouvelle-CalÃ©donie,Lutte ouvrière,"   0,96"
1164,M. Jean LASSALLE,Nouvelle-CalÃ©donie,Résistons,"   0,80"
1165,M. Jacques CHEMINADE,Nouvelle-CalÃ©donie,Solidarité et progrès,"   0,28"
1166,M. Emmanuel MACRON,FranÃ§ais Ã©tablis hors de France,MoDem,"  40,40"
1167,M. FranÃ§ois FILLON,FranÃ§ais Ã©tablis hors de France,UMP,"  26,32"
1168,M. Jean-Luc MÃLENCHON,FranÃ§ais Ã©tablis hors de France,Front de gauche,"  15,83"
1169,M. BenoÃ®t HAMON,FranÃ§ais Ã©tablis hors de France,Parti socialiste,"   6,87"
1170,Mme Marine LE PEN,FranÃ§ais Ã©tablis hors de France,Front national,"   6,48"
1171,M. Nicolas DUPONT-AIGNAN,FranÃ§ais Ã©tablis hors de France,Debout la République,"   1,59"
1172,M. FranÃ§ois ASSELINEAU,FranÃ§ais Ã©tablis hors de France,UPR,"   1,01"
1173,M. Philippe POUTOU,FranÃ§ais Ã©tablis hors de France,NPA,"   0,62"
1174,M. Jean LASSALLE,FranÃ§ais Ã©tablis hors de France,Résistons,"   0,46"
1175,Mme Nathalie ARTHAUD,FranÃ§ais Ã©tablis hors de France,Lutte ouvrière,"   0,24"
1176,M. Jacques CHEMINADE,FranÃ§ais Ã©tablis hors de France,Solidarité et progrès,"   0,19"
