year,Departement,Parti,Score
1988.0,ain,C,21.21
1988.0,ain,D,19.12
1988.0,ain,ED,16.09
1988.0,ain,EG,12.18
1988.0,ain,G,31.41
1988.0,aisne,C,13.32
1988.0,aisne,D,17.17
1988.0,aisne,ED,13.41
1988.0,aisne,EG,16.56
1988.0,aisne,G,39.55
1988.0,allier,C,15.0
1988.0,allier,D,19.46
1988.0,allier,ED,10.14
1988.0,allier,EG,25.12
1988.0,allier,G,30.28
1988.0,alpes-de-haute-provence,C,15.69
1988.0,alpes-de-haute-provence,D,18.35
1988.0,alpes-de-haute-provence,ED,16.72
1988.0,alpes-de-haute-provence,EG,18.88
1988.0,alpes-de-haute-provence,G,30.37
1988.0,alpes-maritimes,C,14.97
1988.0,alpes-maritimes,D,24.3
1988.0,alpes-maritimes,ED,24.24
1988.0,alpes-maritimes,EG,12.11
1988.0,alpes-maritimes,G,24.38
1988.0,ardeche,C,19.04
1988.0,ardeche,D,19.99
1988.0,ardeche,ED,12.89
1988.0,ardeche,EG,17.43
1988.0,ardeche,G,30.64
1988.0,ardennes,C,14.23
1988.0,ardennes,D,17.33
1988.0,ardennes,ED,15.07
1988.0,ardennes,EG,16.17
1988.0,ardennes,G,37.19
1988.0,ariege,C,10.42
1988.0,ariege,D,18.18
1988.0,ariege,ED,10.29
1988.0,ariege,EG,19.71
1988.0,ariege,G,41.4
1988.0,aube,C,17.78
1988.0,aube,D,20.49
1988.0,aube,ED,14.42
1988.0,aube,EG,13.6
1988.0,aube,G,33.71
1988.0,aude,C,10.33
1988.0,aude,D,17.65
1988.0,aude,ED,13.72
1988.0,aude,EG,18.17
1988.0,aude,G,40.12
1988.0,aveyron,C,18.5
1988.0,aveyron,D,25.77
1988.0,aveyron,ED,8.87
1988.0,aveyron,EG,13.3
1988.0,aveyron,G,33.58
1988.0,bas-rhin,C,18.6
1988.0,bas-rhin,D,17.59
1988.0,bas-rhin,ED,21.94
1988.0,bas-rhin,EG,13.67
1988.0,bas-rhin,G,28.19
1988.0,bouches-du-rhone,C,13.9
1988.0,bouches-du-rhone,D,14.77
1988.0,bouches-du-rhone,ED,26.4
1988.0,bouches-du-rhone,EG,17.97
1988.0,bouches-du-rhone,G,26.96
1988.0,calvados,C,18.2
1988.0,calvados,D,19.89
1988.0,calvados,ED,11.06
1988.0,calvados,EG,13.45
1988.0,calvados,G,37.41
1988.0,cantal,C,11.52
1988.0,cantal,D,37.45
1988.0,cantal,ED,7.1
1988.0,cantal,EG,12.14
1988.0,cantal,G,31.79
1988.0,charente,C,15.29
1988.0,charente,D,19.56
1988.0,charente,ED,8.89
1988.0,charente,EG,14.86
1988.0,charente,G,41.39
1988.0,charente-maritime,C,18.08
1988.0,charente-maritime,D,20.18
1988.0,charente-maritime,ED,11.17
1988.0,charente-maritime,EG,14.15
1988.0,charente-maritime,G,36.43
1988.0,cher,C,16.57
1988.0,cher,D,18.72
1988.0,cher,ED,11.57
1988.0,cher,EG,19.85
1988.0,cher,G,33.29
1988.0,correze,C,4.85
1988.0,correze,D,39.18
1988.0,correze,ED,5.93
1988.0,correze,EG,21.12
1988.0,correze,G,28.93
1988.0,corse-du-sud,C,14.19
1988.0,corse-du-sud,D,31.73
1988.0,corse-du-sud,ED,14.81
1988.0,corse-du-sud,EG,13.45
1988.0,corse-du-sud,G,25.83
1988.0,cote-d-or,C,16.01
1988.0,cote-d-or,D,22.05
1988.0,cote-d-or,ED,13.92
1988.0,cote-d-or,EG,12.25
1988.0,cote-d-or,G,35.75
1988.0,creuse,C,9.96
1988.0,creuse,D,28.21
1988.0,creuse,ED,7.79
1988.0,creuse,EG,19.23
1988.0,creuse,G,34.82
1988.0,deux-sevres,C,21.14
1988.0,deux-sevres,D,21.2
1988.0,deux-sevres,ED,7.49
1988.0,deux-sevres,EG,12.71
1988.0,deux-sevres,G,37.47
1988.0,dordogne,C,12.09
1988.0,dordogne,D,23.77
1988.0,dordogne,ED,9.81
1988.0,dordogne,EG,19.48
1988.0,dordogne,G,34.84
1988.0,doubs,C,15.63
1988.0,doubs,D,21.52
1988.0,doubs,ED,14.42
1988.0,doubs,EG,13.49
1988.0,doubs,G,34.95
1988.0,drome,C,17.11
1988.0,drome,D,18.34
1988.0,drome,ED,16.7
1988.0,drome,EG,16.24
1988.0,drome,G,31.61
1988.0,essonne,C,15.84
1988.0,essonne,D,19.34
1988.0,essonne,ED,14.98
1988.0,essonne,EG,16.89
1988.0,essonne,G,32.94
1988.0,eure,C,16.35
1988.0,eure,D,19.67
1988.0,eure,ED,14.04
1988.0,eure,EG,13.43
1988.0,eure,G,36.51
1988.0,eure-et-loir,C,17.61
1988.0,eure-et-loir,D,19.31
1988.0,eure-et-loir,ED,15.4
1988.0,eure-et-loir,EG,11.95
1988.0,eure-et-loir,G,35.74
1988.0,finistere,C,19.56
1988.0,finistere,D,20.92
1988.0,finistere,ED,9.92
1988.0,finistere,EG,13.89
1988.0,finistere,G,35.7
1988.0,francais-de-l-etranger,C,19.61
1988.0,francais-de-l-etranger,D,34.98
1988.0,francais-de-l-etranger,ED,9.56
1988.0,francais-de-l-etranger,EG,7.38
1988.0,francais-de-l-etranger,G,28.46
1988.0,gard,C,14.56
1988.0,gard,D,15.36
1988.0,gard,ED,20.59
1988.0,gard,EG,20.44
1988.0,gard,G,29.05
1988.0,gers,C,14.45
1988.0,gers,D,20.3
1988.0,gers,ED,10.68
1988.0,gers,EG,14.42
1988.0,gers,G,40.15
1988.0,gironde,C,15.59
1988.0,gironde,D,19.36
1988.0,gironde,ED,12.3
1988.0,gironde,EG,13.89
1988.0,gironde,G,38.86
1988.0,guadeloupe,C,10.56
1988.0,guadeloupe,D,25.31
1988.0,guadeloupe,ED,1.68
1988.0,guadeloupe,EG,7.42
1988.0,guadeloupe,G,55.02
1988.0,guyane,C,9.16
1988.0,guyane,D,30.56
1988.0,guyane,ED,4.71
1988.0,guyane,EG,3.62
1988.0,guyane,G,51.94
1988.0,haut-rhin,C,18.08
1988.0,haut-rhin,D,17.07
1988.0,haut-rhin,ED,21.71
1988.0,haut-rhin,EG,13.54
1988.0,haut-rhin,G,29.6
1988.0,haute-corse,C,12.05
1988.0,haute-corse,D,30.39
1988.0,haute-corse,ED,12.01
1988.0,haute-corse,EG,14.38
1988.0,haute-corse,G,31.18
1988.0,haute-garonne,C,14.74
1988.0,haute-garonne,D,16.79
1988.0,haute-garonne,ED,13.15
1988.0,haute-garonne,EG,14.97
1988.0,haute-garonne,G,40.35
1988.0,haute-loire,C,21.43
1988.0,haute-loire,D,21.0
1988.0,haute-loire,ED,14.08
1988.0,haute-loire,EG,13.52
1988.0,haute-loire,G,29.98
1988.0,haute-marne,C,15.62
1988.0,haute-marne,D,19.58
1988.0,haute-marne,ED,15.63
1988.0,haute-marne,EG,13.89
1988.0,haute-marne,G,35.28
1988.0,haute-saone,C,15.49
1988.0,haute-saone,D,20.12
1988.0,haute-saone,ED,13.85
1988.0,haute-saone,EG,13.11
1988.0,haute-saone,G,37.43
1988.0,haute-savoie,C,22.82
1988.0,haute-savoie,D,22.52
1988.0,haute-savoie,ED,15.47
1988.0,haute-savoie,EG,12.03
1988.0,haute-savoie,G,27.16
1988.0,haute-vienne,C,10.98
1988.0,haute-vienne,D,22.14
1988.0,haute-vienne,ED,7.84
1988.0,haute-vienne,EG,21.19
1988.0,haute-vienne,G,37.86
1988.0,hautes-alpes,C,19.81
1988.0,hautes-alpes,D,20.62
1988.0,hautes-alpes,ED,13.7
1988.0,hautes-alpes,EG,16.8
1988.0,hautes-alpes,G,29.07
1988.0,hautes-pyrenees,C,15.62
1988.0,hautes-pyrenees,D,18.34
1988.0,hautes-pyrenees,ED,9.93
1988.0,hautes-pyrenees,EG,18.26
1988.0,hautes-pyrenees,G,37.85
1988.0,hauts-de-seine,C,16.51
1988.0,hauts-de-seine,D,24.72
1988.0,hauts-de-seine,ED,14.77
1988.0,hauts-de-seine,EG,14.88
1988.0,hauts-de-seine,G,29.11
1988.0,herault,C,13.64
1988.0,herault,D,17.32
1988.0,herault,ED,19.91
1988.0,herault,EG,18.01
1988.0,herault,G,31.12
1988.0,ille-et-vilaine,C,20.4
1988.0,ille-et-vilaine,D,20.95
1988.0,ille-et-vilaine,ED,8.64
1988.0,ille-et-vilaine,EG,12.41
1988.0,ille-et-vilaine,G,37.61
1988.0,indre,C,14.65
1988.0,indre,D,19.87
1988.0,indre,ED,11.34
1988.0,indre,EG,16.49
1988.0,indre,G,37.65
1988.0,indre-et-loire,C,18.75
1988.0,indre-et-loire,D,18.3
1988.0,indre-et-loire,ED,12.23
1988.0,indre-et-loire,EG,13.18
1988.0,indre-et-loire,G,37.54
1988.0,isere,C,16.92
1988.0,isere,D,16.61
1988.0,isere,ED,16.1
1988.0,isere,EG,16.47
1988.0,isere,G,33.9
1988.0,jura,C,17.43
1988.0,jura,D,18.77
1988.0,jura,ED,14.53
1988.0,jura,EG,15.84
1988.0,jura,G,33.43
1988.0,la-reunion,C,24.51
1988.0,la-reunion,D,17.46
1988.0,la-reunion,ED,1.77
1988.0,la-reunion,EG,5.12
1988.0,la-reunion,G,51.15
1988.0,landes,C,14.97
1988.0,landes,D,21.0
1988.0,landes,ED,8.96
1988.0,landes,EG,13.01
1988.0,landes,G,42.07
1988.0,loir-et-cher,C,18.22
1988.0,loir-et-cher,D,19.35
1988.0,loir-et-cher,ED,12.79
1988.0,loir-et-cher,EG,14.07
1988.0,loir-et-cher,G,35.55
1988.0,loire,C,18.51
1988.0,loire,D,17.93
1988.0,loire,ED,17.36
1988.0,loire,EG,15.79
1988.0,loire,G,30.42
1988.0,loire-atlantique,C,19.89
1988.0,loire-atlantique,D,19.76
1988.0,loire-atlantique,ED,10.04
1988.0,loire-atlantique,EG,13.52
1988.0,loire-atlantique,G,36.79
1988.0,loiret,C,18.28
1988.0,loiret,D,21.02
1988.0,loiret,ED,14.92
1988.0,loiret,EG,13.95
1988.0,loiret,G,31.83
1988.0,lot,C,12.12
1988.0,lot,D,23.83
1988.0,lot,ED,8.34
1988.0,lot,EG,16.95
1988.0,lot,G,38.77
1988.0,lot-et-garonne,C,16.04
1988.0,lot-et-garonne,D,18.53
1988.0,lot-et-garonne,ED,15.41
1988.0,lot-et-garonne,EG,16.38
1988.0,lot-et-garonne,G,33.63
1988.0,lozere,C,21.59
1988.0,lozere,D,26.93
1988.0,lozere,ED,11.63
1988.0,lozere,EG,13.0
1988.0,lozere,G,26.84
1988.0,maine-et-loire,C,24.28
1988.0,maine-et-loire,D,22.06
1988.0,maine-et-loire,ED,9.53
1988.0,maine-et-loire,EG,11.52
1988.0,maine-et-loire,G,32.63
1988.0,manche,C,20.88
1988.0,manche,D,23.26
1988.0,manche,ED,10.78
1988.0,manche,EG,11.31
1988.0,manche,G,33.78
1988.0,marne,C,17.21
1988.0,marne,D,20.49
1988.0,marne,ED,14.03
1988.0,marne,EG,13.66
1988.0,marne,G,34.61
1988.0,martinique,C,16.35
1988.0,martinique,D,19.86
1988.0,martinique,ED,1.17
1988.0,martinique,EG,3.75
1988.0,martinique,G,58.87
1988.0,mayenne,C,23.41
1988.0,mayenne,D,24.13
1988.0,mayenne,ED,8.21
1988.0,mayenne,EG,10.62
1988.0,mayenne,G,33.64
1988.0,mayotte,C,54.87
1988.0,mayotte,D,36.89
1988.0,mayotte,ED,1.29
1988.0,mayotte,EG,2.94
1988.0,mayotte,G,4.01
1988.0,meurthe-et-moselle,C,17.98
1988.0,meurthe-et-moselle,D,15.63
1988.0,meurthe-et-moselle,ED,14.85
1988.0,meurthe-et-moselle,EG,16.46
1988.0,meurthe-et-moselle,G,35.09
1988.0,meuse,C,18.42
1988.0,meuse,D,18.06
1988.0,meuse,ED,15.0
1988.0,meuse,EG,13.4
1988.0,meuse,G,35.13
1988.0,morbihan,C,19.67
1988.0,morbihan,D,19.92
1988.0,morbihan,ED,12.98
1988.0,morbihan,EG,12.44
1988.0,morbihan,G,34.98
1988.0,moselle,C,16.67
1988.0,moselle,D,16.26
1988.0,moselle,ED,19.91
1988.0,moselle,EG,13.81
1988.0,moselle,G,33.34
1988.0,nievre,C,12.45
1988.0,nievre,D,17.02
1988.0,nievre,ED,9.72
1988.0,nievre,EG,16.27
1988.0,nievre,G,44.53
1988.0,nord,C,15.59
1988.0,nord,D,15.03
1988.0,nord,ED,15.16
1988.0,nord,EG,17.48
1988.0,nord,G,36.74
1988.0,nouvelle-caledonie,C,6.15
1988.0,nouvelle-caledonie,D,74.63
1988.0,nouvelle-caledonie,ED,12.39
1988.0,nouvelle-caledonie,EG,1.85
1988.0,nouvelle-caledonie,G,4.98
1988.0,oise,C,14.05
1988.0,oise,D,17.74
1988.0,oise,ED,16.73
1988.0,oise,EG,14.97
1988.0,oise,G,36.5
1988.0,orne,C,19.32
1988.0,orne,D,23.4
1988.0,orne,ED,11.79
1988.0,orne,EG,11.36
1988.0,orne,G,34.12
1988.0,paris,C,13.6
1988.0,paris,D,31.57
1988.0,paris,ED,13.38
1988.0,paris,EG,11.97
1988.0,paris,G,29.48
1988.0,pas-de-calais,C,13.95
1988.0,pas-de-calais,D,14.51
1988.0,pas-de-calais,ED,11.4
1988.0,pas-de-calais,EG,18.92
1988.0,pas-de-calais,G,41.22
1988.0,polynesie-francaise,C,10.09
1988.0,polynesie-francaise,D,39.91
1988.0,polynesie-francaise,ED,2.91
1988.0,polynesie-francaise,EG,3.2
1988.0,polynesie-francaise,G,43.87
1988.0,puy-de-dome,C,17.46
1988.0,puy-de-dome,D,19.6
1988.0,puy-de-dome,ED,11.58
1988.0,puy-de-dome,EG,17.14
1988.0,puy-de-dome,G,34.21
1988.0,pyrenees-atlantiques,C,18.11
1988.0,pyrenees-atlantiques,D,24.46
1988.0,pyrenees-atlantiques,ED,10.69
1988.0,pyrenees-atlantiques,EG,12.91
1988.0,pyrenees-atlantiques,G,33.83
1988.0,pyrenees-orientales,C,13.39
1988.0,pyrenees-orientales,D,17.81
1988.0,pyrenees-orientales,ED,20.52
1988.0,pyrenees-orientales,EG,16.88
1988.0,pyrenees-orientales,G,31.41
1988.0,rhone,C,21.99
1988.0,rhone,D,17.36
1988.0,rhone,ED,18.03
1988.0,rhone,EG,13.3
1988.0,rhone,G,29.32
1988.0,saint-pierre-et-miquelon,C,14.14
1988.0,saint-pierre-et-miquelon,D,34.98
1988.0,saint-pierre-et-miquelon,ED,4.93
1988.0,saint-pierre-et-miquelon,EG,13.72
1988.0,saint-pierre-et-miquelon,G,32.23
1988.0,saone-et-loire,C,17.18
1988.0,saone-et-loire,D,20.57
1988.0,saone-et-loire,ED,11.11
1988.0,saone-et-loire,EG,13.58
1988.0,saone-et-loire,G,37.56
1988.0,sarthe,C,18.15
1988.0,sarthe,D,19.32
1988.0,sarthe,ED,9.34
1988.0,sarthe,EG,15.09
1988.0,sarthe,G,38.09
1988.0,savoie,C,18.05
1988.0,savoie,D,20.95
1988.0,savoie,ED,15.21
1988.0,savoie,EG,15.43
1988.0,savoie,G,30.37
1988.0,seine-et-marne,C,15.12
1988.0,seine-et-marne,D,19.86
1988.0,seine-et-marne,ED,17.75
1988.0,seine-et-marne,EG,14.27
1988.0,seine-et-marne,G,33.0
1988.0,seine-maritime,C,16.06
1988.0,seine-maritime,D,16.77
1988.0,seine-maritime,ED,11.23
1988.0,seine-maritime,EG,16.91
1988.0,seine-maritime,G,39.03
1988.0,seine-saint-denis,C,11.1
1988.0,seine-saint-denis,D,14.61
1988.0,seine-saint-denis,ED,19.81
1988.0,seine-saint-denis,EG,21.56
1988.0,seine-saint-denis,G,32.92
1988.0,somme,C,14.85
1988.0,somme,D,16.9
1988.0,somme,ED,13.8
1988.0,somme,EG,17.78
1988.0,somme,G,36.68
1988.0,tarn,C,14.74
1988.0,tarn,D,19.15
1988.0,tarn,ED,14.78
1988.0,tarn,EG,14.79
1988.0,tarn,G,36.53
1988.0,tarn-et-garonne,C,13.7
1988.0,tarn-et-garonne,D,20.41
1988.0,tarn-et-garonne,ED,15.19
1988.0,tarn-et-garonne,EG,14.32
1988.0,tarn-et-garonne,G,36.37
1988.0,territoire-de-belfort,C,13.89
1988.0,territoire-de-belfort,D,17.3
1988.0,territoire-de-belfort,ED,16.77
1988.0,territoire-de-belfort,EG,15.26
1988.0,territoire-de-belfort,G,36.78
1988.0,val-d-oise,C,14.53
1988.0,val-d-oise,D,18.0
1988.0,val-d-oise,ED,18.08
1988.0,val-d-oise,EG,16.19
1988.0,val-d-oise,G,33.2
1988.0,val-de-marne,C,14.03
1988.0,val-de-marne,D,19.38
1988.0,val-de-marne,ED,15.65
1988.0,val-de-marne,EG,19.49
1988.0,val-de-marne,G,31.46
1988.0,var,C,16.17
1988.0,var,D,19.91
1988.0,var,ED,25.09
1988.0,var,EG,13.38
1988.0,var,G,25.46
1988.0,vaucluse,C,15.18
1988.0,vaucluse,D,16.73
1988.0,vaucluse,ED,23.12
1988.0,vaucluse,EG,15.55
1988.0,vaucluse,G,29.42
1988.0,vendee,C,24.01
1988.0,vendee,D,24.51
1988.0,vendee,ED,8.7
1988.0,vendee,EG,10.59
1988.0,vendee,G,32.19
1988.0,vienne,C,16.39
1988.0,vienne,D,21.77
1988.0,vienne,ED,9.3
1988.0,vienne,EG,14.68
1988.0,vienne,G,37.86
1988.0,vosges,C,17.36
1988.0,vosges,D,19.19
1988.0,vosges,ED,14.89
1988.0,vosges,EG,13.19
1988.0,vosges,G,35.38
1988.0,wallis-et-futuna,C,39.31
1988.0,wallis-et-futuna,D,52.27
1988.0,wallis-et-futuna,ED,0.62
1988.0,wallis-et-futuna,EG,0.59
1988.0,wallis-et-futuna,G,7.22
1988.0,yonne,C,17.23
1988.0,yonne,D,19.96
1988.0,yonne,ED,15.73
1988.0,yonne,EG,13.93
1988.0,yonne,G,33.15
1988.0,yvelines,C,18.49
1988.0,yvelines,D,24.49
1988.0,yvelines,ED,15.05
1988.0,yvelines,EG,12.58
1988.0,yvelines,G,29.38
1995.0,ain,Autre,0.28
1995.0,ain,C,19.8
1995.0,ain,D,19.23
1995.0,ain,ED,25.24
1995.0,ain,EG,14.95
1995.0,ain,G,20.5
1995.0,aisne,Autre,0.29
1995.0,aisne,C,15.63
1995.0,aisne,D,18.17
1995.0,aisne,ED,22.39
1995.0,aisne,EG,19.16
1995.0,aisne,G,24.38
1995.0,allier,Autre,0.27
1995.0,allier,C,16.78
1995.0,allier,D,21.65
1995.0,allier,ED,15.96
1995.0,allier,EG,23.21
1995.0,allier,G,22.14
1995.0,alpes-de-haute-provence,Autre,0.34
1995.0,alpes-de-haute-provence,C,16.97
1995.0,alpes-de-haute-provence,D,18.37
1995.0,alpes-de-haute-provence,ED,21.02
1995.0,alpes-de-haute-provence,EG,20.61
1995.0,alpes-de-haute-provence,G,22.7
1995.0,alpes-maritimes,Autre,0.21
1995.0,alpes-maritimes,C,20.75
1995.0,alpes-maritimes,D,22.48
1995.0,alpes-maritimes,ED,26.99
1995.0,alpes-maritimes,EG,13.21
1995.0,alpes-maritimes,G,16.36
1995.0,ardeche,Autre,0.32
1995.0,ardeche,C,20.07
1995.0,ardeche,D,18.1
1995.0,ardeche,ED,19.22
1995.0,ardeche,EG,19.31
1995.0,ardeche,G,22.98
1995.0,ardennes,Autre,0.25
1995.0,ardennes,C,17.62
1995.0,ardennes,D,17.54
1995.0,ardennes,ED,22.73
1995.0,ardennes,EG,17.57
1995.0,ardennes,G,24.29
1995.0,ariege,Autre,0.34
1995.0,ariege,C,14.43
1995.0,ariege,D,16.68
1995.0,ariege,ED,13.81
1995.0,ariege,EG,20.95
1995.0,ariege,G,33.81
1995.0,aube,Autre,0.29
1995.0,aube,C,19.02
1995.0,aube,D,20.95
1995.0,aube,ED,24.26
1995.0,aube,EG,15.36
1995.0,aube,G,20.13
1995.0,aude,Autre,0.25
1995.0,aude,C,13.75
1995.0,aude,D,18.17
1995.0,aude,ED,17.47
1995.0,aude,EG,19.22
1995.0,aude,G,31.14
1995.0,aveyron,Autre,0.3
1995.0,aveyron,C,21.05
1995.0,aveyron,D,26.03
1995.0,aveyron,ED,12.97
1995.0,aveyron,EG,15.09
1995.0,aveyron,G,24.57
1995.0,bas-rhin,Autre,0.32
1995.0,bas-rhin,C,24.73
1995.0,bas-rhin,D,16.63
1995.0,bas-rhin,ED,30.13
1995.0,bas-rhin,EG,11.47
1995.0,bas-rhin,G,16.72
1995.0,bouches-du-rhone,Autre,0.23
1995.0,bouches-du-rhone,C,17.8
1995.0,bouches-du-rhone,D,16.89
1995.0,bouches-du-rhone,ED,25.08
1995.0,bouches-du-rhone,EG,19.62
1995.0,bouches-du-rhone,G,20.38
1995.0,calvados,Autre,0.3
1995.0,calvados,C,20.85
1995.0,calvados,D,20.03
1995.0,calvados,ED,17.38
1995.0,calvados,EG,17.63
1995.0,calvados,G,23.81
1995.0,cantal,Autre,0.34
1995.0,cantal,C,14.09
1995.0,cantal,D,40.98
1995.0,cantal,ED,10.52
1995.0,cantal,EG,13.04
1995.0,cantal,G,21.03
1995.0,charente,Autre,0.32
1995.0,charente,C,16.33
1995.0,charente,D,21.08
1995.0,charente,ED,16.43
1995.0,charente,EG,17.75
1995.0,charente,G,28.08
1995.0,charente-maritime,Autre,0.31
1995.0,charente-maritime,C,19.29
1995.0,charente-maritime,D,20.0
1995.0,charente-maritime,ED,19.11
1995.0,charente-maritime,EG,16.6
1995.0,charente-maritime,G,24.68
1995.0,cher,Autre,0.32
1995.0,cher,C,18.0
1995.0,cher,D,20.27
1995.0,cher,ED,18.47
1995.0,cher,EG,22.08
1995.0,cher,G,20.87
1995.0,correze,Autre,0.22
1995.0,correze,C,4.61
1995.0,correze,D,49.3
1995.0,correze,ED,6.53
1995.0,correze,EG,19.47
1995.0,correze,G,19.86
1995.0,corse-du-sud,Autre,0.27
1995.0,corse-du-sud,C,22.58
1995.0,corse-du-sud,D,30.41
1995.0,corse-du-sud,ED,13.87
1995.0,corse-du-sud,EG,14.8
1995.0,corse-du-sud,G,18.07
1995.0,cote-d-or,Autre,0.25
1995.0,cote-d-or,C,18.77
1995.0,cote-d-or,D,20.96
1995.0,cote-d-or,ED,21.03
1995.0,cote-d-or,EG,15.34
1995.0,cote-d-or,G,23.67
1995.0,cotes-d-armor,Autre,0.25
1995.0,cotes-d-armor,C,20.12
1995.0,cotes-d-armor,D,19.13
1995.0,cotes-d-armor,ED,12.52
1995.0,cotes-d-armor,EG,20.41
1995.0,cotes-d-armor,G,27.58
1995.0,creuse,Autre,0.29
1995.0,creuse,C,10.99
1995.0,creuse,D,34.54
1995.0,creuse,ED,10.5
1995.0,creuse,EG,18.89
1995.0,creuse,G,24.8
1995.0,deux-sevres,Autre,0.33
1995.0,deux-sevres,C,20.61
1995.0,deux-sevres,D,21.81
1995.0,deux-sevres,ED,16.44
1995.0,deux-sevres,EG,15.28
1995.0,deux-sevres,G,25.53
1995.0,dordogne,Autre,0.3
1995.0,dordogne,C,13.88
1995.0,dordogne,D,25.42
1995.0,dordogne,ED,13.85
1995.0,dordogne,EG,21.5
1995.0,dordogne,G,25.05
1995.0,doubs,Autre,0.26
1995.0,doubs,C,18.4
1995.0,doubs,D,20.72
1995.0,doubs,ED,20.1
1995.0,doubs,EG,15.73
1995.0,doubs,G,24.79
1995.0,drome,Autre,0.31
1995.0,drome,C,18.72
1995.0,drome,D,16.96
1995.0,drome,ED,22.85
1995.0,drome,EG,17.75
1995.0,drome,G,23.4
1995.0,essonne,Autre,0.23
1995.0,essonne,C,15.55
1995.0,essonne,D,22.79
1995.0,essonne,ED,18.28
1995.0,essonne,EG,19.01
1995.0,essonne,G,24.13
1995.0,eure,Autre,0.31
1995.0,eure,C,18.68
1995.0,eure,D,19.48
1995.0,eure,ED,23.6
1995.0,eure,EG,17.24
1995.0,eure,G,20.69
1995.0,eure-et-loir,Autre,0.24
1995.0,eure-et-loir,C,20.36
1995.0,eure-et-loir,D,18.82
1995.0,eure-et-loir,ED,24.4
1995.0,eure-et-loir,EG,14.8
1995.0,eure-et-loir,G,21.37
1995.0,finistere,Autre,0.24
1995.0,finistere,C,21.06
1995.0,finistere,D,21.78
1995.0,finistere,ED,13.05
1995.0,finistere,EG,17.74
1995.0,finistere,G,26.14
1995.0,francais-de-l-etranger,Autre,0.44
1995.0,francais-de-l-etranger,C,23.97
1995.0,francais-de-l-etranger,D,33.48
1995.0,francais-de-l-etranger,ED,7.37
1995.0,francais-de-l-etranger,EG,8.29
1995.0,francais-de-l-etranger,G,26.46
1995.0,gard,Autre,0.24
1995.0,gard,C,16.34
1995.0,gard,D,16.16
1995.0,gard,ED,24.76
1995.0,gard,EG,20.97
1995.0,gard,G,21.54
1995.0,gers,Autre,0.36
1995.0,gers,C,17.63
1995.0,gers,D,21.24
1995.0,gers,ED,14.94
1995.0,gers,EG,16.32
1995.0,gers,G,29.5
1995.0,gironde,Autre,0.27
1995.0,gironde,C,17.72
1995.0,gironde,D,19.5
1995.0,gironde,ED,17.39
1995.0,gironde,EG,17.43
1995.0,gironde,G,27.7
1995.0,guadeloupe,Autre,0.95
1995.0,guadeloupe,C,14.55
1995.0,guadeloupe,D,38.24
1995.0,guadeloupe,ED,3.97
1995.0,guadeloupe,EG,7.17
1995.0,guadeloupe,G,35.13
1995.0,guyane,Autre,0.9
1995.0,guyane,C,16.88
1995.0,guyane,D,39.84
1995.0,guyane,ED,9.95
1995.0,guyane,EG,8.29
1995.0,guyane,G,24.15
1995.0,haut-rhin,Autre,0.32
1995.0,haut-rhin,C,24.24
1995.0,haut-rhin,D,16.72
1995.0,haut-rhin,ED,29.17
1995.0,haut-rhin,EG,12.46
1995.0,haut-rhin,G,17.09
1995.0,haute-corse,Autre,0.26
1995.0,haute-corse,C,18.09
1995.0,haute-corse,D,31.41
1995.0,haute-corse,ED,12.04
1995.0,haute-corse,EG,15.66
1995.0,haute-corse,G,22.55
1995.0,haute-garonne,Autre,0.27
1995.0,haute-garonne,C,16.02
1995.0,haute-garonne,D,18.29
1995.0,haute-garonne,ED,16.09
1995.0,haute-garonne,EG,17.48
1995.0,haute-garonne,G,31.87
1995.0,haute-loire,Autre,0.33
1995.0,haute-loire,C,19.78
1995.0,haute-loire,D,22.93
1995.0,haute-loire,ED,21.22
1995.0,haute-loire,EG,15.46
1995.0,haute-loire,G,20.29
1995.0,haute-marne,Autre,0.35
1995.0,haute-marne,C,17.89
1995.0,haute-marne,D,19.64
1995.0,haute-marne,ED,25.33
1995.0,haute-marne,EG,15.76
1995.0,haute-marne,G,21.04
1995.0,haute-saone,Autre,0.28
1995.0,haute-saone,C,18.1
1995.0,haute-saone,D,19.66
1995.0,haute-saone,ED,21.66
1995.0,haute-saone,EG,15.35
1995.0,haute-saone,G,24.95
1995.0,haute-savoie,Autre,0.29
1995.0,haute-savoie,C,24.74
1995.0,haute-savoie,D,20.04
1995.0,haute-savoie,ED,21.82
1995.0,haute-savoie,EG,14.58
1995.0,haute-savoie,G,18.53
1995.0,haute-vienne,Autre,0.26
1995.0,haute-vienne,C,10.72
1995.0,haute-vienne,D,28.8
1995.0,haute-vienne,ED,10.93
1995.0,haute-vienne,EG,21.88
1995.0,haute-vienne,G,27.41
1995.0,hautes-alpes,Autre,0.34
1995.0,hautes-alpes,C,20.47
1995.0,hautes-alpes,D,20.28
1995.0,hautes-alpes,ED,18.22
1995.0,hautes-alpes,EG,18.75
1995.0,hautes-alpes,G,21.95
1995.0,hautes-pyrenees,Autre,0.3
1995.0,hautes-pyrenees,C,17.6
1995.0,hautes-pyrenees,D,20.02
1995.0,hautes-pyrenees,ED,13.16
1995.0,hautes-pyrenees,EG,20.59
1995.0,hautes-pyrenees,G,28.34
1995.0,hauts-de-seine,Autre,0.22
1995.0,hauts-de-seine,C,19.22
1995.0,hauts-de-seine,D,26.53
1995.0,hauts-de-seine,ED,15.07
1995.0,hauts-de-seine,EG,15.96
1995.0,hauts-de-seine,G,23.01
1995.0,herault,Autre,0.22
1995.0,herault,C,16.13
1995.0,herault,D,17.7
1995.0,herault,ED,23.08
1995.0,herault,EG,18.71
1995.0,herault,G,24.16
1995.0,ille-et-vilaine,Autre,0.25
1995.0,ille-et-vilaine,C,22.47
1995.0,ille-et-vilaine,D,21.04
1995.0,ille-et-vilaine,ED,13.46
1995.0,ille-et-vilaine,EG,17.15
1995.0,ille-et-vilaine,G,25.64
1995.0,indre,Autre,0.33
1995.0,indre,C,17.02
1995.0,indre,D,21.44
1995.0,indre,ED,18.92
1995.0,indre,EG,18.71
1995.0,indre,G,23.58
1995.0,indre-et-loire,Autre,0.29
1995.0,indre-et-loire,C,21.21
1995.0,indre-et-loire,D,18.08
1995.0,indre-et-loire,ED,19.24
1995.0,indre-et-loire,EG,16.56
1995.0,indre-et-loire,G,24.62
1995.0,isere,Autre,0.26
1995.0,isere,C,17.95
1995.0,isere,D,15.78
1995.0,isere,ED,21.81
1995.0,isere,EG,19.01
1995.0,isere,G,25.19
1995.0,jura,Autre,0.27
1995.0,jura,C,20.24
1995.0,jura,D,17.33
1995.0,jura,ED,20.87
1995.0,jura,EG,19.42
1995.0,jura,G,21.88
1995.0,la-reunion,Autre,0.94
1995.0,la-reunion,C,13.55
1995.0,la-reunion,D,35.16
1995.0,la-reunion,ED,5.13
1995.0,la-reunion,EG,15.24
1995.0,la-reunion,G,29.99
1995.0,landes,Autre,0.27
1995.0,landes,C,17.51
1995.0,landes,D,21.18
1995.0,landes,ED,13.1
1995.0,landes,EG,15.99
1995.0,landes,G,31.96
1995.0,loir-et-cher,Autre,0.28
1995.0,loir-et-cher,C,20.09
1995.0,loir-et-cher,D,17.66
1995.0,loir-et-cher,ED,22.74
1995.0,loir-et-cher,EG,16.55
1995.0,loir-et-cher,G,22.68
1995.0,loire,Autre,0.25
1995.0,loire,C,18.85
1995.0,loire,D,17.66
1995.0,loire,ED,25.98
1995.0,loire,EG,16.87
1995.0,loire,G,20.39
1995.0,loire-atlantique,Autre,0.28
1995.0,loire-atlantique,C,20.9
1995.0,loire-atlantique,D,18.5
1995.0,loire-atlantique,ED,16.58
1995.0,loire-atlantique,EG,17.6
1995.0,loire-atlantique,G,26.15
1995.0,loiret,Autre,0.3
1995.0,loiret,C,20.11
1995.0,loiret,D,20.47
1995.0,loiret,ED,21.68
1995.0,loiret,EG,16.46
1995.0,loiret,G,20.97
1995.0,lot,Autre,0.3
1995.0,lot,C,13.73
1995.0,lot,D,25.29
1995.0,lot,ED,12.06
1995.0,lot,EG,19.62
1995.0,lot,G,29.0
1995.0,lot-et-garonne,Autre,0.3
1995.0,lot-et-garonne,C,16.43
1995.0,lot-et-garonne,D,20.19
1995.0,lot-et-garonne,ED,21.02
1995.0,lot-et-garonne,EG,18.62
1995.0,lot-et-garonne,G,23.42
1995.0,lozere,Autre,0.3
1995.0,lozere,C,24.35
1995.0,lozere,D,26.84
1995.0,lozere,ED,13.56
1995.0,lozere,EG,14.4
1995.0,lozere,G,20.56
1995.0,maine-et-loire,Autre,0.3
1995.0,maine-et-loire,C,25.08
1995.0,maine-et-loire,D,20.03
1995.0,maine-et-loire,ED,19.07
1995.0,maine-et-loire,EG,14.6
1995.0,maine-et-loire,G,20.92
1995.0,manche,Autre,0.33
1995.0,manche,C,24.18
1995.0,manche,D,24.04
1995.0,manche,ED,16.39
1995.0,manche,EG,14.86
1995.0,manche,G,20.19
1995.0,marne,Autre,0.29
1995.0,marne,C,18.85
1995.0,marne,D,20.84
1995.0,marne,ED,22.87
1995.0,marne,EG,16.58
1995.0,marne,G,20.57
1995.0,martinique,Autre,0.85
1995.0,martinique,C,23.59
1995.0,martinique,D,29.14
1995.0,martinique,ED,2.55
1995.0,martinique,EG,7.48
1995.0,martinique,G,36.4
1995.0,mayenne,Autre,0.32
1995.0,mayenne,C,26.76
1995.0,mayenne,D,23.66
1995.0,mayenne,ED,15.9
1995.0,mayenne,EG,13.62
1995.0,mayenne,G,19.74
1995.0,mayotte,C,46.96
1995.0,mayotte,D,39.53
1995.0,mayotte,ED,2.5
1995.0,mayotte,EG,5.82
1995.0,mayotte,G,5.19
1995.0,meurthe-et-moselle,Autre,0.27
1995.0,meurthe-et-moselle,C,18.07
1995.0,meurthe-et-moselle,D,17.72
1995.0,meurthe-et-moselle,ED,22.06
1995.0,meurthe-et-moselle,EG,18.27
1995.0,meurthe-et-moselle,G,23.61
1995.0,meuse,Autre,0.32
1995.0,meuse,C,21.33
1995.0,meuse,D,17.38
1995.0,meuse,ED,24.82
1995.0,meuse,EG,14.9
1995.0,meuse,G,21.25
1995.0,morbihan,Autre,0.23
1995.0,morbihan,C,23.37
1995.0,morbihan,D,19.96
1995.0,morbihan,ED,17.84
1995.0,morbihan,EG,15.96
1995.0,morbihan,G,22.64
1995.0,moselle,Autre,0.29
1995.0,moselle,C,20.47
1995.0,moselle,D,17.18
1995.0,moselle,ED,27.39
1995.0,moselle,EG,15.26
1995.0,moselle,G,19.4
1995.0,nievre,Autre,0.27
1995.0,nievre,C,15.81
1995.0,nievre,D,18.04
1995.0,nievre,ED,16.1
1995.0,nievre,EG,19.76
1995.0,nievre,G,30.03
1995.0,nord,Autre,0.24
1995.0,nord,C,17.53
1995.0,nord,D,16.85
1995.0,nord,ED,22.22
1995.0,nord,EG,19.93
1995.0,nord,G,23.23
1995.0,nouvelle-caledonie,C,26.56
1995.0,nouvelle-caledonie,D,42.97
1995.0,nouvelle-caledonie,ED,10.02
1995.0,nouvelle-caledonie,EG,4.56
1995.0,nouvelle-caledonie,G,15.88
1995.0,oise,Autre,0.29
1995.0,oise,C,16.0
1995.0,oise,D,19.7
1995.0,oise,ED,25.08
1995.0,oise,EG,18.12
1995.0,oise,G,20.81
1995.0,orne,Autre,0.31
1995.0,orne,C,21.58
1995.0,orne,D,23.18
1995.0,orne,ED,20.73
1995.0,orne,EG,14.39
1995.0,orne,G,19.81
1995.0,paris,Autre,0.2
1995.0,paris,C,16.6
1995.0,paris,D,32.19
1995.0,paris,ED,11.85
1995.0,paris,EG,13.14
1995.0,paris,G,26.02
1995.0,pas-de-calais,Autre,0.25
1995.0,pas-de-calais,C,15.97
1995.0,pas-de-calais,D,16.91
1995.0,pas-de-calais,ED,19.47
1995.0,pas-de-calais,EG,22.23
1995.0,pas-de-calais,G,25.18
1995.0,polynesie-francaise,C,24.92
1995.0,polynesie-francaise,D,51.63
1995.0,polynesie-francaise,ED,5.8
1995.0,polynesie-francaise,EG,5.12
1995.0,polynesie-francaise,G,12.52
1995.0,puy-de-dome,Autre,0.3
1995.0,puy-de-dome,C,16.79
1995.0,puy-de-dome,D,22.48
1995.0,puy-de-dome,ED,15.12
1995.0,puy-de-dome,EG,19.93
1995.0,puy-de-dome,G,25.38
1995.0,pyrenees-atlantiques,Autre,0.28
1995.0,pyrenees-atlantiques,C,21.16
1995.0,pyrenees-atlantiques,D,23.04
1995.0,pyrenees-atlantiques,ED,13.6
1995.0,pyrenees-atlantiques,EG,16.33
1995.0,pyrenees-atlantiques,G,25.59
1995.0,pyrenees-orientales,Autre,0.22
1995.0,pyrenees-orientales,C,15.71
1995.0,pyrenees-orientales,D,19.01
1995.0,pyrenees-orientales,ED,23.81
1995.0,pyrenees-orientales,EG,18.23
1995.0,pyrenees-orientales,G,23.03
1995.0,rhone,Autre,0.25
1995.0,rhone,C,20.65
1995.0,rhone,D,18.51
1995.0,rhone,ED,23.43
1995.0,rhone,EG,15.46
1995.0,rhone,G,21.71
1995.0,saint-pierre-et-miquelon,C,23.48
1995.0,saint-pierre-et-miquelon,D,33.97
1995.0,saint-pierre-et-miquelon,ED,10.29
1995.0,saint-pierre-et-miquelon,EG,14.95
1995.0,saint-pierre-et-miquelon,G,17.31
1995.0,saone-et-loire,Autre,0.27
1995.0,saone-et-loire,C,19.1
1995.0,saone-et-loire,D,20.31
1995.0,saone-et-loire,ED,18.49
1995.0,saone-et-loire,EG,16.96
1995.0,saone-et-loire,G,24.88
1995.0,sarthe,Autre,0.32
1995.0,sarthe,C,21.63
1995.0,sarthe,D,18.76
1995.0,sarthe,ED,17.55
1995.0,sarthe,EG,18.26
1995.0,sarthe,G,23.48
1995.0,savoie,Autre,0.27
1995.0,savoie,C,20.3
1995.0,savoie,D,18.65
1995.0,savoie,ED,21.92
1995.0,savoie,EG,17.53
1995.0,savoie,G,21.33
1995.0,seine-et-marne,Autre,0.25
1995.0,seine-et-marne,C,15.57
1995.0,seine-et-marne,D,22.76
1995.0,seine-et-marne,ED,23.03
1995.0,seine-et-marne,EG,17.14
1995.0,seine-et-marne,G,21.25
1995.0,seine-maritime,Autre,0.26
1995.0,seine-maritime,C,18.32
1995.0,seine-maritime,D,16.95
1995.0,seine-maritime,ED,19.64
1995.0,seine-maritime,EG,21.18
1995.0,seine-maritime,G,23.65
1995.0,seine-saint-denis,Autre,0.23
1995.0,seine-saint-denis,C,11.79
1995.0,seine-saint-denis,D,19.9
1995.0,seine-saint-denis,ED,21.65
1995.0,seine-saint-denis,EG,23.03
1995.0,seine-saint-denis,G,23.39
1995.0,somme,Autre,0.28
1995.0,somme,C,16.99
1995.0,somme,D,18.85
1995.0,somme,ED,20.37
1995.0,somme,EG,20.72
1995.0,somme,G,22.79
1995.0,tarn,Autre,0.3
1995.0,tarn,C,17.64
1995.0,tarn,D,19.65
1995.0,tarn,ED,17.87
1995.0,tarn,EG,16.38
1995.0,tarn,G,28.17
1995.0,tarn-et-garonne,Autre,0.33
1995.0,tarn-et-garonne,C,15.98
1995.0,tarn-et-garonne,D,19.94
1995.0,tarn-et-garonne,ED,21.98
1995.0,tarn-et-garonne,EG,15.65
1995.0,tarn-et-garonne,G,26.11
1995.0,territoire-de-belfort,Autre,0.22
1995.0,territoire-de-belfort,C,15.44
1995.0,territoire-de-belfort,D,18.15
1995.0,territoire-de-belfort,ED,22.41
1995.0,territoire-de-belfort,EG,17.98
1995.0,territoire-de-belfort,G,25.8
1995.0,val-d-oise,Autre,0.25
1995.0,val-d-oise,C,14.9
1995.0,val-d-oise,D,22.05
1995.0,val-d-oise,ED,21.28
1995.0,val-d-oise,EG,19.29
1995.0,val-d-oise,G,22.23
1995.0,val-de-marne,Autre,0.21
1995.0,val-de-marne,C,14.94
1995.0,val-de-marne,D,23.4
1995.0,val-de-marne,ED,16.53
1995.0,val-de-marne,EG,21.28
1995.0,val-de-marne,G,23.64
1995.0,var,Autre,0.22
1995.0,var,C,21.09
1995.0,var,D,19.06
1995.0,var,ED,27.33
1995.0,var,EG,14.99
1995.0,var,G,17.3
1995.0,vaucluse,Autre,0.27
1995.0,vaucluse,C,17.79
1995.0,vaucluse,D,16.67
1995.0,vaucluse,ED,28.48
1995.0,vaucluse,EG,16.52
1995.0,vaucluse,G,20.27
1995.0,vendee,Autre,0.28
1995.0,vendee,C,20.19
1995.0,vendee,D,40.22
1995.0,vendee,ED,7.3
1995.0,vendee,EG,12.53
1995.0,vendee,G,19.47
1995.0,vienne,Autre,0.32
1995.0,vienne,C,18.27
1995.0,vienne,D,21.82
1995.0,vienne,ED,16.64
1995.0,vienne,EG,17.54
1995.0,vienne,G,25.41
1995.0,vosges,Autre,0.33
1995.0,vosges,C,17.99
1995.0,vosges,D,19.78
1995.0,vosges,ED,25.12
1995.0,vosges,EG,14.77
1995.0,vosges,G,22.01
1995.0,wallis-et-futuna,C,21.8
1995.0,wallis-et-futuna,D,43.53
1995.0,wallis-et-futuna,ED,1.76
1995.0,wallis-et-futuna,EG,3.04
1995.0,wallis-et-futuna,G,29.88
1995.0,yonne,Autre,0.31
1995.0,yonne,C,19.08
1995.0,yonne,D,20.23
1995.0,yonne,ED,23.03
1995.0,yonne,EG,16.55
1995.0,yonne,G,20.79
1995.0,yvelines,Autre,0.23
1995.0,yvelines,C,19.57
1995.0,yvelines,D,25.95
1995.0,yvelines,ED,18.22
1995.0,yvelines,EG,14.67
1995.0,yvelines,G,21.36
2002.0,ain,Autre,6.09
2002.0,ain,C,9.91
2002.0,ain,D,23.64
2002.0,ain,ED,29.4
2002.0,ain,EG,16.42
2002.0,ain,G,14.52
2002.0,aisne,Autre,4.67
2002.0,aisne,C,6.76
2002.0,aisne,D,22.94
2002.0,aisne,ED,27.9
2002.0,aisne,EG,21.13
2002.0,aisne,G,16.59
2002.0,allier,Autre,5.19
2002.0,allier,C,7.88
2002.0,allier,D,25.55
2002.0,allier,ED,20.35
2002.0,allier,EG,23.5
2002.0,allier,G,17.51
2002.0,alpes-de-haute-provence,Autre,5.86
2002.0,alpes-de-haute-provence,C,7.7
2002.0,alpes-de-haute-provence,D,21.13
2002.0,alpes-de-haute-provence,ED,28.41
2002.0,alpes-de-haute-provence,EG,21.13
2002.0,alpes-de-haute-provence,G,15.79
2002.0,alpes-maritimes,Autre,4.85
2002.0,alpes-maritimes,C,8.56
2002.0,alpes-maritimes,D,27.56
2002.0,alpes-maritimes,ED,30.97
2002.0,alpes-maritimes,EG,14.4
2002.0,alpes-maritimes,G,13.67
2002.0,ardeche,Autre,5.62
2002.0,ardeche,C,8.68
2002.0,ardeche,D,22.11
2002.0,ardeche,ED,27.06
2002.0,ardeche,EG,20.4
2002.0,ardeche,G,16.12
2002.0,ardennes,Autre,4.19
2002.0,ardennes,C,6.96
2002.0,ardennes,D,21.71
2002.0,ardennes,ED,30.45
2002.0,ardennes,EG,19.39
2002.0,ardennes,G,17.29
2002.0,ariege,Autre,4.65
2002.0,ariege,C,5.42
2002.0,ariege,D,17.22
2002.0,ariege,ED,25.09
2002.0,ariege,EG,22.04
2002.0,ariege,G,25.58
2002.0,aube,Autre,4.69
2002.0,aube,C,8.03
2002.0,aube,D,26.1
2002.0,aube,ED,29.39
2002.0,aube,EG,16.61
2002.0,aube,G,15.17
2002.0,aude,Autre,5.02
2002.0,aude,C,5.56
2002.0,aude,D,18.2
2002.0,aude,ED,29.25
2002.0,aude,EG,19.12
2002.0,aude,G,22.86
2002.0,aveyron,Autre,5.0
2002.0,aveyron,C,9.04
2002.0,aveyron,D,27.97
2002.0,aveyron,ED,21.89
2002.0,aveyron,EG,17.92
2002.0,aveyron,G,18.21
2002.0,bas-rhin,Autre,4.51
2002.0,bas-rhin,C,14.07
2002.0,bas-rhin,D,24.69
2002.0,bas-rhin,ED,28.29
2002.0,bas-rhin,EG,15.46
2002.0,bas-rhin,G,12.98
2002.0,bouches-du-rhone,Autre,5.51
2002.0,bouches-du-rhone,C,7.4
2002.0,bouches-du-rhone,D,21.56
2002.0,bouches-du-rhone,ED,31.33
2002.0,bouches-du-rhone,EG,18.46
2002.0,bouches-du-rhone,G,15.73
2002.0,calvados,Autre,4.78
2002.0,calvados,C,9.18
2002.0,calvados,D,24.54
2002.0,calvados,ED,23.11
2002.0,calvados,EG,20.44
2002.0,calvados,G,17.94
2002.0,cantal,Autre,4.42
2002.0,cantal,C,7.12
2002.0,cantal,D,34.56
2002.0,cantal,ED,22.18
2002.0,cantal,EG,15.96
2002.0,cantal,G,15.76
2002.0,charente,Autre,4.45
2002.0,charente,C,7.59
2002.0,charente,D,23.96
2002.0,charente,ED,23.0
2002.0,charente,EG,21.55
2002.0,charente,G,19.46
2002.0,charente-maritime,Autre,4.55
2002.0,charente-maritime,C,8.04
2002.0,charente-maritime,D,25.21
2002.0,charente-maritime,ED,24.52
2002.0,charente-maritime,EG,19.38
2002.0,charente-maritime,G,18.3
2002.0,cher,Autre,4.94
2002.0,cher,C,7.52
2002.0,cher,D,25.21
2002.0,cher,ED,23.59
2002.0,cher,EG,22.24
2002.0,cher,G,16.49
2002.0,correze,Autre,3.88
2002.0,correze,C,4.65
2002.0,correze,D,36.9
2002.0,correze,ED,16.31
2002.0,correze,EG,20.48
2002.0,correze,G,17.8
2002.0,corse-du-sud,Autre,6.76
2002.0,corse-du-sud,C,4.48
2002.0,corse-du-sud,D,30.48
2002.0,corse-du-sud,ED,26.57
2002.0,corse-du-sud,EG,14.38
2002.0,corse-du-sud,G,17.31
2002.0,cote-d-or,Autre,6.9
2002.0,cote-d-or,C,9.64
2002.0,cote-d-or,D,24.41
2002.0,cote-d-or,ED,23.88
2002.0,cote-d-or,EG,17.96
2002.0,cote-d-or,G,17.21
2002.0,cotes-d-armor,Autre,4.39
2002.0,cotes-d-armor,C,8.34
2002.0,cotes-d-armor,D,25.38
2002.0,cotes-d-armor,ED,16.74
2002.0,cotes-d-armor,EG,23.9
2002.0,cotes-d-armor,G,21.25
2002.0,creuse,Autre,4.74
2002.0,creuse,C,5.78
2002.0,creuse,D,29.6
2002.0,creuse,ED,19.78
2002.0,creuse,EG,20.39
2002.0,creuse,G,19.71
2002.0,deux-sevres,Autre,4.08
2002.0,deux-sevres,C,9.92
2002.0,deux-sevres,D,27.64
2002.0,deux-sevres,ED,17.24
2002.0,deux-sevres,EG,20.88
2002.0,deux-sevres,G,20.23
2002.0,dordogne,Autre,4.46
2002.0,dordogne,C,6.81
2002.0,dordogne,D,25.33
2002.0,dordogne,ED,22.09
2002.0,dordogne,EG,22.14
2002.0,dordogne,G,19.17
2002.0,doubs,Autre,9.08
2002.0,doubs,C,8.21
2002.0,doubs,D,23.84
2002.0,doubs,ED,25.05
2002.0,doubs,EG,17.52
2002.0,doubs,G,16.3
2002.0,drome,Autre,5.97
2002.0,drome,C,8.95
2002.0,drome,D,21.53
2002.0,drome,ED,28.79
2002.0,drome,EG,18.68
2002.0,drome,G,16.09
2002.0,essonne,Autre,7.3
2002.0,essonne,C,9.49
2002.0,essonne,D,24.02
2002.0,essonne,ED,19.66
2002.0,essonne,EG,19.28
2002.0,essonne,G,20.26
2002.0,eure,Autre,4.67
2002.0,eure,C,8.36
2002.0,eure,D,23.99
2002.0,eure,ED,27.72
2002.0,eure,EG,19.43
2002.0,eure,G,15.83
2002.0,eure-et-loir,Autre,4.93
2002.0,eure-et-loir,C,8.66
2002.0,eure-et-loir,D,25.87
2002.0,eure-et-loir,ED,27.07
2002.0,eure-et-loir,EG,17.02
2002.0,eure-et-loir,G,16.45
2002.0,finistere,Autre,4.78
2002.0,finistere,C,9.57
2002.0,finistere,D,27.26
2002.0,finistere,ED,15.3
2002.0,finistere,EG,22.24
2002.0,finistere,G,20.83
2002.0,francais-de-l-etranger,Autre,5.72
2002.0,francais-de-l-etranger,C,8.7
2002.0,francais-de-l-etranger,D,38.85
2002.0,francais-de-l-etranger,ED,8.32
2002.0,francais-de-l-etranger,EG,12.99
2002.0,francais-de-l-etranger,G,25.44
2002.0,gard,Autre,5.16
2002.0,gard,C,7.58
2002.0,gard,D,19.36
2002.0,gard,ED,33.31
2002.0,gard,EG,19.04
2002.0,gard,G,15.55
2002.0,gers,Autre,4.4
2002.0,gers,C,8.02
2002.0,gers,D,21.79
2002.0,gers,ED,25.8
2002.0,gers,EG,17.91
2002.0,gers,G,22.08
2002.0,gironde,Autre,4.81
2002.0,gironde,C,8.46
2002.0,gironde,D,22.74
2002.0,gironde,ED,23.62
2002.0,gironde,EG,20.36
2002.0,gironde,G,20.01
2002.0,guadeloupe,Autre,1.42
2002.0,guadeloupe,C,1.24
2002.0,guadeloupe,D,30.19
2002.0,guadeloupe,ED,3.58
2002.0,guadeloupe,EG,3.24
2002.0,guadeloupe,G,60.34
2002.0,guyane,Autre,2.48
2002.0,guyane,C,2.29
2002.0,guyane,D,20.69
2002.0,guyane,ED,6.22
2002.0,guyane,EG,4.99
2002.0,guyane,G,63.32
2002.0,haut-rhin,Autre,6.31
2002.0,haut-rhin,C,11.36
2002.0,haut-rhin,D,24.03
2002.0,haut-rhin,ED,29.53
2002.0,haut-rhin,EG,16.3
2002.0,haut-rhin,G,12.48
2002.0,haute-corse,Autre,7.26
2002.0,haute-corse,C,3.93
2002.0,haute-corse,D,29.61
2002.0,haute-corse,ED,24.49
2002.0,haute-corse,EG,14.28
2002.0,haute-corse,G,20.43
2002.0,haute-garonne,Autre,5.82
2002.0,haute-garonne,C,8.43
2002.0,haute-garonne,D,19.3
2002.0,haute-garonne,ED,22.23
2002.0,haute-garonne,EG,20.61
2002.0,haute-garonne,G,23.62
2002.0,haute-loire,Autre,5.41
2002.0,haute-loire,C,10.18
2002.0,haute-loire,D,25.52
2002.0,haute-loire,ED,25.88
2002.0,haute-loire,EG,18.56
2002.0,haute-loire,G,14.47
2002.0,haute-marne,Autre,4.48
2002.0,haute-marne,C,7.35
2002.0,haute-marne,D,24.8
2002.0,haute-marne,ED,30.46
2002.0,haute-marne,EG,18.33
2002.0,haute-marne,G,14.58
2002.0,haute-saone,Autre,8.68
2002.0,haute-saone,C,6.84
2002.0,haute-saone,D,22.42
2002.0,haute-saone,ED,30.41
2002.0,haute-saone,EG,16.75
2002.0,haute-saone,G,14.89
2002.0,haute-savoie,Autre,5.67
2002.0,haute-savoie,C,11.48
2002.0,haute-savoie,D,26.22
2002.0,haute-savoie,ED,25.39
2002.0,haute-savoie,EG,17.7
2002.0,haute-savoie,G,13.55
2002.0,haute-vienne,Autre,5.26
2002.0,haute-vienne,C,6.24
2002.0,haute-vienne,D,25.36
2002.0,haute-vienne,ED,18.18
2002.0,haute-vienne,EG,23.49
2002.0,haute-vienne,G,21.45
2002.0,hautes-alpes,Autre,5.86
2002.0,hautes-alpes,C,9.24
2002.0,hautes-alpes,D,23.83
2002.0,hautes-alpes,ED,24.45
2002.0,hautes-alpes,EG,21.04
2002.0,hautes-alpes,G,15.59
2002.0,hautes-pyrenees,Autre,4.41
2002.0,hautes-pyrenees,C,9.39
2002.0,hautes-pyrenees,D,19.59
2002.0,hautes-pyrenees,ED,22.73
2002.0,hautes-pyrenees,EG,21.57
2002.0,hautes-pyrenees,G,22.3
2002.0,hauts-de-seine,Autre,6.52
2002.0,hauts-de-seine,C,11.39
2002.0,hauts-de-seine,D,31.34
2002.0,hauts-de-seine,ED,14.36
2002.0,hauts-de-seine,EG,16.32
2002.0,hauts-de-seine,G,20.07
2002.0,herault,Autre,5.34
2002.0,herault,C,7.1
2002.0,herault,D,19.3
2002.0,herault,ED,31.18
2002.0,herault,EG,19.01
2002.0,herault,G,18.06
2002.0,ille-et-vilaine,Autre,4.55
2002.0,ille-et-vilaine,C,10.32
2002.0,ille-et-vilaine,D,28.0
2002.0,ille-et-vilaine,ED,15.03
2002.0,ille-et-vilaine,EG,21.79
2002.0,ille-et-vilaine,G,20.32
2002.0,indre,Autre,4.35
2002.0,indre,C,6.96
2002.0,indre,D,25.65
2002.0,indre,ED,24.89
2002.0,indre,EG,19.99
2002.0,indre,G,18.18
2002.0,indre-et-loire,Autre,5.62
2002.0,indre-et-loire,C,9.12
2002.0,indre-et-loire,D,25.78
2002.0,indre-et-loire,ED,21.21
2002.0,indre-et-loire,EG,19.69
2002.0,indre-et-loire,G,18.55
2002.0,isere,Autre,6.76
2002.0,isere,C,9.19
2002.0,isere,D,20.88
2002.0,isere,ED,23.69
2002.0,isere,EG,21.36
2002.0,isere,G,18.13
2002.0,jura,Autre,7.29
2002.0,jura,C,9.03
2002.0,jura,D,23.02
2002.0,jura,ED,25.39
2002.0,jura,EG,20.12
2002.0,jura,G,15.16
2002.0,la-reunion,Autre,3.13
2002.0,la-reunion,C,3.45
2002.0,la-reunion,D,39.11
2002.0,la-reunion,ED,5.17
2002.0,la-reunion,EG,8.02
2002.0,la-reunion,G,41.11
2002.0,landes,Autre,3.88
2002.0,landes,C,8.33
2002.0,landes,D,22.63
2002.0,landes,ED,23.74
2002.0,landes,EG,18.14
2002.0,landes,G,23.29
2002.0,loir-et-cher,Autre,4.84
2002.0,loir-et-cher,C,9.29
2002.0,loir-et-cher,D,23.79
2002.0,loir-et-cher,ED,27.37
2002.0,loir-et-cher,EG,18.43
2002.0,loir-et-cher,G,16.29
2002.0,loire,Autre,6.05
2002.0,loire,C,9.85
2002.0,loire,D,22.42
2002.0,loire,ED,27.76
2002.0,loire,EG,18.91
2002.0,loire,G,15.0
2002.0,loire-atlantique,Autre,5.08
2002.0,loire-atlantique,C,10.41
2002.0,loire-atlantique,D,24.81
2002.0,loire-atlantique,ED,17.58
2002.0,loire-atlantique,EG,21.91
2002.0,loire-atlantique,G,20.22
2002.0,loiret,Autre,5.34
2002.0,loiret,C,9.22
2002.0,loiret,D,25.08
2002.0,loiret,ED,27.3
2002.0,loiret,EG,16.92
2002.0,loiret,G,16.13
2002.0,lot,Autre,5.53
2002.0,lot,C,6.87
2002.0,lot,D,23.05
2002.0,lot,ED,22.39
2002.0,lot,EG,21.62
2002.0,lot,G,20.55
2002.0,lot-et-garonne,Autre,4.07
2002.0,lot-et-garonne,C,8.16
2002.0,lot-et-garonne,D,21.47
2002.0,lot-et-garonne,ED,30.81
2002.0,lot-et-garonne,EG,18.08
2002.0,lot-et-garonne,G,17.42
2002.0,lozere,Autre,4.77
2002.0,lozere,C,9.04
2002.0,lozere,D,30.41
2002.0,lozere,ED,23.6
2002.0,lozere,EG,17.46
2002.0,lozere,G,14.72
2002.0,maine-et-loire,Autre,4.35
2002.0,maine-et-loire,C,12.24
2002.0,maine-et-loire,D,28.92
2002.0,maine-et-loire,ED,18.02
2002.0,maine-et-loire,EG,19.37
2002.0,maine-et-loire,G,17.08
2002.0,manche,Autre,4.78
2002.0,manche,C,8.56
2002.0,manche,D,30.44
2002.0,manche,ED,23.02
2002.0,manche,EG,17.81
2002.0,manche,G,15.36
2002.0,marne,Autre,4.75
2002.0,marne,C,9.64
2002.0,marne,D,25.9
2002.0,marne,ED,25.67
2002.0,marne,EG,18.72
2002.0,marne,G,15.31
2002.0,martinique,Autre,2.26
2002.0,martinique,C,1.12
2002.0,martinique,D,34.27
2002.0,martinique,ED,2.2
2002.0,martinique,EG,3.21
2002.0,martinique,G,56.94
2002.0,mayenne,Autre,3.93
2002.0,mayenne,C,10.65
2002.0,mayenne,D,33.27
2002.0,mayenne,ED,17.26
2002.0,mayenne,EG,18.65
2002.0,mayenne,G,16.25
2002.0,mayotte,Autre,3.73
2002.0,mayotte,C,13.0
2002.0,mayotte,D,48.85
2002.0,mayotte,ED,4.42
2002.0,mayotte,EG,5.98
2002.0,mayotte,G,24.04
2002.0,meurthe-et-moselle,Autre,5.73
2002.0,meurthe-et-moselle,C,8.23
2002.0,meurthe-et-moselle,D,23.01
2002.0,meurthe-et-moselle,ED,22.97
2002.0,meurthe-et-moselle,EG,22.0
2002.0,meurthe-et-moselle,G,18.08
2002.0,meuse,Autre,4.46
2002.0,meuse,C,9.17
2002.0,meuse,D,24.39
2002.0,meuse,ED,27.69
2002.0,meuse,EG,18.48
2002.0,meuse,G,15.81
2002.0,morbihan,Autre,4.18
2002.0,morbihan,C,8.86
2002.0,morbihan,D,28.58
2002.0,morbihan,ED,19.91
2002.0,morbihan,EG,19.75
2002.0,morbihan,G,18.71
2002.0,moselle,Autre,4.58
2002.0,moselle,C,8.23
2002.0,moselle,D,23.47
2002.0,moselle,ED,28.37
2002.0,moselle,EG,19.31
2002.0,moselle,G,16.03
2002.0,nievre,Autre,5.29
2002.0,nievre,C,6.7
2002.0,nievre,D,21.33
2002.0,nievre,ED,23.28
2002.0,nievre,EG,21.74
2002.0,nievre,G,21.66
2002.0,nord,Autre,4.62
2002.0,nord,C,7.99
2002.0,nord,D,22.2
2002.0,nord,ED,25.53
2002.0,nord,EG,21.58
2002.0,nord,G,18.09
2002.0,nouvelle-caledonie,Autre,1.83
2002.0,nouvelle-caledonie,C,3.83
2002.0,nouvelle-caledonie,D,50.42
2002.0,nouvelle-caledonie,ED,12.47
2002.0,nouvelle-caledonie,EG,7.71
2002.0,nouvelle-caledonie,G,23.72
2002.0,oise,Autre,5.16
2002.0,oise,C,7.74
2002.0,oise,D,22.97
2002.0,oise,ED,29.22
2002.0,oise,EG,19.32
2002.0,oise,G,15.6
2002.0,orne,Autre,3.69
2002.0,orne,C,9.03
2002.0,orne,D,28.78
2002.0,orne,ED,25.94
2002.0,orne,EG,17.69
2002.0,orne,G,14.87
2002.0,paris,Autre,6.62
2002.0,paris,C,10.37
2002.0,paris,D,32.0
2002.0,paris,ED,10.89
2002.0,paris,EG,16.39
2002.0,paris,G,23.72
2002.0,pas-de-calais,Autre,5.31
2002.0,pas-de-calais,C,6.01
2002.0,pas-de-calais,D,20.38
2002.0,pas-de-calais,ED,27.03
2002.0,pas-de-calais,EG,22.74
2002.0,pas-de-calais,G,18.54
2002.0,polynesie-francaise,Autre,1.04
2002.0,polynesie-francaise,C,1.49
2002.0,polynesie-francaise,D,63.29
2002.0,polynesie-francaise,ED,5.15
2002.0,polynesie-francaise,EG,3.81
2002.0,polynesie-francaise,G,25.22
2002.0,puy-de-dome,Autre,6.33
2002.0,puy-de-dome,C,8.99
2002.0,puy-de-dome,D,23.51
2002.0,puy-de-dome,ED,19.39
2002.0,puy-de-dome,EG,22.83
2002.0,puy-de-dome,G,18.96
2002.0,pyrenees-atlantiques,Autre,3.84
2002.0,pyrenees-atlantiques,C,14.62
2002.0,pyrenees-atlantiques,D,22.05
2002.0,pyrenees-atlantiques,ED,20.7
2002.0,pyrenees-atlantiques,EG,19.27
2002.0,pyrenees-atlantiques,G,19.53
2002.0,pyrenees-orientales,Autre,5.16
2002.0,pyrenees-orientales,C,7.45
2002.0,pyrenees-orientales,D,20.88
2002.0,pyrenees-orientales,ED,29.17
2002.0,pyrenees-orientales,EG,19.12
2002.0,pyrenees-orientales,G,18.21
2002.0,rhone,Autre,6.65
2002.0,rhone,C,11.26
2002.0,rhone,D,25.21
2002.0,rhone,ED,23.51
2002.0,rhone,EG,17.03
2002.0,rhone,G,16.33
2002.0,saint-pierre-et-miquelon,Autre,4.22
2002.0,saint-pierre-et-miquelon,C,5.46
2002.0,saint-pierre-et-miquelon,D,33.26
2002.0,saint-pierre-et-miquelon,ED,16.38
2002.0,saint-pierre-et-miquelon,EG,20.91
2002.0,saint-pierre-et-miquelon,G,19.78
2002.0,saone-et-loire,Autre,5.16
2002.0,saone-et-loire,C,7.92
2002.0,saone-et-loire,D,25.08
2002.0,saone-et-loire,ED,24.62
2002.0,saone-et-loire,EG,18.72
2002.0,saone-et-loire,G,18.5
2002.0,sarthe,Autre,4.69
2002.0,sarthe,C,8.27
2002.0,sarthe,D,26.17
2002.0,sarthe,ED,20.73
2002.0,sarthe,EG,21.75
2002.0,sarthe,G,18.4
2002.0,savoie,Autre,6.33
2002.0,savoie,C,9.59
2002.0,savoie,D,24.12
2002.0,savoie,ED,25.52
2002.0,savoie,EG,19.33
2002.0,savoie,G,15.12
2002.0,seine-et-marne,Autre,6.35
2002.0,seine-et-marne,C,8.65
2002.0,seine-et-marne,D,24.63
2002.0,seine-et-marne,ED,24.18
2002.0,seine-et-marne,EG,18.42
2002.0,seine-et-marne,G,17.79
2002.0,seine-maritime,Autre,4.68
2002.0,seine-maritime,C,7.77
2002.0,seine-maritime,D,23.23
2002.0,seine-maritime,ED,22.63
2002.0,seine-maritime,EG,23.02
2002.0,seine-maritime,G,18.67
2002.0,seine-saint-denis,Autre,6.4
2002.0,seine-saint-denis,C,6.63
2002.0,seine-saint-denis,D,20.26
2002.0,seine-saint-denis,ED,21.0
2002.0,seine-saint-denis,EG,22.62
2002.0,seine-saint-denis,G,23.09
2002.0,somme,Autre,4.18
2002.0,somme,C,7.99
2002.0,somme,D,21.02
2002.0,somme,ED,30.58
2002.0,somme,EG,21.08
2002.0,somme,G,15.16
2002.0,tarn,Autre,4.85
2002.0,tarn,C,7.6
2002.0,tarn,D,22.19
2002.0,tarn,ED,25.77
2002.0,tarn,EG,19.14
2002.0,tarn,G,20.45
2002.0,tarn-et-garonne,Autre,4.55
2002.0,tarn-et-garonne,C,7.34
2002.0,tarn-et-garonne,D,21.66
2002.0,tarn-et-garonne,ED,31.2
2002.0,tarn-et-garonne,EG,17.22
2002.0,tarn-et-garonne,G,18.03
2002.0,territoire-de-belfort,Autre,19.42
2002.0,territoire-de-belfort,C,6.71
2002.0,territoire-de-belfort,D,17.85
2002.0,territoire-de-belfort,ED,28.62
2002.0,territoire-de-belfort,EG,16.11
2002.0,territoire-de-belfort,G,11.28
2002.0,val-d-oise,Autre,6.63
2002.0,val-d-oise,C,8.85
2002.0,val-d-oise,D,24.03
2002.0,val-d-oise,ED,21.69
2002.0,val-d-oise,EG,18.76
2002.0,val-d-oise,G,20.04
2002.0,val-de-marne,Autre,6.86
2002.0,val-de-marne,C,9.24
2002.0,val-de-marne,D,25.05
2002.0,val-de-marne,ED,17.17
2002.0,val-de-marne,EG,20.43
2002.0,val-de-marne,G,21.27
2002.0,var,Autre,5.29
2002.0,var,C,7.82
2002.0,var,D,26.46
2002.0,var,ED,31.54
2002.0,var,EG,15.28
2002.0,var,G,13.6
2002.0,vaucluse,Autre,4.85
2002.0,vaucluse,C,7.41
2002.0,vaucluse,D,21.19
2002.0,vaucluse,ED,35.77
2002.0,vaucluse,EG,16.43
2002.0,vaucluse,G,14.36
2002.0,vendee,Autre,3.85
2002.0,vendee,C,10.62
2002.0,vendee,D,31.61
2002.0,vendee,ED,19.8
2002.0,vendee,EG,17.52
2002.0,vendee,G,16.59
2002.0,vienne,Autre,4.53
2002.0,vienne,C,8.48
2002.0,vienne,D,25.96
2002.0,vienne,ED,19.84
2002.0,vienne,EG,21.76
2002.0,vienne,G,19.42
2002.0,vosges,Autre,5.5
2002.0,vosges,C,8.22
2002.0,vosges,D,24.51
2002.0,vosges,ED,26.9
2002.0,vosges,EG,19.02
2002.0,vosges,G,15.85
2002.0,wallis-et-futuna,Autre,7.5
2002.0,wallis-et-futuna,C,1.05
2002.0,wallis-et-futuna,D,51.03
2002.0,wallis-et-futuna,ED,1.29
2002.0,wallis-et-futuna,EG,2.86
2002.0,wallis-et-futuna,G,36.26
2002.0,yonne,Autre,5.24
2002.0,yonne,C,8.17
2002.0,yonne,D,24.96
2002.0,yonne,ED,28.64
2002.0,yonne,EG,17.65
2002.0,yonne,G,15.33
2002.0,yvelines,Autre,6.46
2002.0,yvelines,C,11.55
2002.0,yvelines,D,30.39
2002.0,yvelines,ED,18.33
2002.0,yvelines,EG,15.71
2002.0,yvelines,G,17.58
2007.0,ain,C,19.62
2007.0,ain,D,34.5
2007.0,ain,ED,15.97
2007.0,ain,EG,9.24
2007.0,ain,G,20.67
2007.0,aisne,C,13.51
2007.0,aisne,D,29.3
2007.0,aisne,ED,21.23
2007.0,aisne,EG,12.53
2007.0,aisne,G,23.42
2007.0,allier,C,18.26
2007.0,allier,D,28.06
2007.0,allier,ED,13.92
2007.0,allier,EG,14.11
2007.0,allier,G,25.64
2007.0,alpes-de-haute-provence,C,16.59
2007.0,alpes-de-haute-provence,D,29.98
2007.0,alpes-de-haute-provence,ED,15.43
2007.0,alpes-de-haute-provence,EG,12.76
2007.0,alpes-de-haute-provence,G,25.24
2007.0,alpes-maritimes,C,15.03
2007.0,alpes-maritimes,D,43.59
2007.0,alpes-maritimes,ED,15.8
2007.0,alpes-maritimes,EG,7.67
2007.0,alpes-maritimes,G,17.9
2007.0,ardeche,C,18.55
2007.0,ardeche,D,27.64
2007.0,ardeche,ED,16.1
2007.0,ardeche,EG,12.57
2007.0,ardeche,G,25.14
2007.0,ardennes,C,14.23
2007.0,ardennes,D,29.04
2007.0,ardennes,ED,20.1
2007.0,ardennes,EG,12.06
2007.0,ardennes,G,24.56
2007.0,ariege,C,15.74
2007.0,ariege,D,21.91
2007.0,ariege,ED,13.2
2007.0,ariege,EG,14.14
2007.0,ariege,G,35.0
2007.0,aube,C,16.05
2007.0,aube,D,35.15
2007.0,aube,ED,19.68
2007.0,aube,EG,9.43
2007.0,aube,G,19.69
2007.0,aude,C,13.87
2007.0,aude,D,26.29
2007.0,aude,ED,16.3
2007.0,aude,EG,12.83
2007.0,aude,G,30.7
2007.0,aveyron,C,21.59
2007.0,aveyron,D,28.74
2007.0,aveyron,ED,11.16
2007.0,aveyron,EG,11.34
2007.0,aveyron,G,27.17
2007.0,bas-rhin,C,22.37
2007.0,bas-rhin,D,36.24
2007.0,bas-rhin,ED,15.77
2007.0,bas-rhin,EG,8.56
2007.0,bas-rhin,G,17.05
2007.0,bouches-du-rhone,C,15.05
2007.0,bouches-du-rhone,D,34.24
2007.0,bouches-du-rhone,ED,16.4
2007.0,bouches-du-rhone,EG,10.55
2007.0,bouches-du-rhone,G,23.78
2007.0,calvados,C,20.23
2007.0,calvados,D,29.25
2007.0,calvados,ED,13.85
2007.0,calvados,EG,11.49
2007.0,calvados,G,25.18
2007.0,cantal,C,20.13
2007.0,cantal,D,33.36
2007.0,cantal,ED,12.68
2007.0,cantal,EG,9.82
2007.0,cantal,G,24.0
2007.0,charente,C,17.14
2007.0,charente,D,27.11
2007.0,charente,ED,14.18
2007.0,charente,EG,11.22
2007.0,charente,G,30.33
2007.0,charente-maritime,C,17.22
2007.0,charente-maritime,D,30.09
2007.0,charente-maritime,ED,15.04
2007.0,charente-maritime,EG,9.99
2007.0,charente-maritime,G,27.66
2007.0,cher,C,17.95
2007.0,cher,D,28.51
2007.0,cher,ED,16.01
2007.0,cher,EG,13.98
2007.0,cher,G,23.56
2007.0,correze,C,17.99
2007.0,correze,D,28.04
2007.0,correze,ED,11.64
2007.0,correze,EG,12.6
2007.0,correze,G,29.73
2007.0,corse-du-sud,C,12.98
2007.0,corse-du-sud,D,37.54
2007.0,corse-du-sud,ED,18.78
2007.0,corse-du-sud,EG,11.07
2007.0,corse-du-sud,G,19.64
2007.0,cote-d-or,C,19.25
2007.0,cote-d-or,D,32.08
2007.0,cote-d-or,ED,14.85
2007.0,cote-d-or,EG,9.68
2007.0,cote-d-or,G,24.14
2007.0,cotes-d-armor,C,21.08
2007.0,cotes-d-armor,D,25.8
2007.0,cotes-d-armor,ED,10.52
2007.0,cotes-d-armor,EG,12.54
2007.0,cotes-d-armor,G,30.05
2007.0,creuse,C,16.66
2007.0,creuse,D,27.41
2007.0,creuse,ED,13.49
2007.0,creuse,EG,13.42
2007.0,creuse,G,29.02
2007.0,deux-sevres,C,18.95
2007.0,deux-sevres,D,26.56
2007.0,deux-sevres,ED,11.54
2007.0,deux-sevres,EG,9.06
2007.0,deux-sevres,G,33.89
2007.0,dordogne,C,17.46
2007.0,dordogne,D,26.91
2007.0,dordogne,ED,13.42
2007.0,dordogne,EG,12.39
2007.0,dordogne,G,29.81
2007.0,doubs,C,16.96
2007.0,doubs,D,32.39
2007.0,doubs,ED,15.36
2007.0,doubs,EG,10.43
2007.0,doubs,G,24.87
2007.0,drome,C,18.55
2007.0,drome,D,29.93
2007.0,drome,ED,16.16
2007.0,drome,EG,11.15
2007.0,drome,G,24.23
2007.0,essonne,C,20.47
2007.0,essonne,D,31.51
2007.0,essonne,ED,10.96
2007.0,essonne,EG,9.78
2007.0,essonne,G,27.28
2007.0,eure,C,18.23
2007.0,eure,D,31.41
2007.0,eure,ED,17.64
2007.0,eure,EG,11.46
2007.0,eure,G,21.24
2007.0,eure-et-loir,C,18.21
2007.0,eure-et-loir,D,33.13
2007.0,eure-et-loir,ED,16.82
2007.0,eure-et-loir,EG,9.68
2007.0,eure-et-loir,G,22.15
2007.0,finistere,C,22.74
2007.0,finistere,D,27.27
2007.0,finistere,ED,9.32
2007.0,finistere,EG,11.47
2007.0,finistere,G,29.19
2007.0,francais-de-l-etranger,C,21.54
2007.0,francais-de-l-etranger,D,38.49
2007.0,francais-de-l-etranger,ED,4.37
2007.0,francais-de-l-etranger,EG,5.68
2007.0,francais-de-l-etranger,G,29.92
2007.0,gard,C,15.71
2007.0,gard,D,30.45
2007.0,gard,ED,18.8
2007.0,gard,EG,11.72
2007.0,gard,G,23.31
2007.0,gers,C,20.23
2007.0,gers,D,26.08
2007.0,gers,ED,12.48
2007.0,gers,EG,10.03
2007.0,gers,G,31.19
2007.0,gironde,C,19.75
2007.0,gironde,D,28.05
2007.0,gironde,ED,12.64
2007.0,gironde,EG,10.3
2007.0,gironde,G,29.27
2007.0,guadeloupe,C,8.51
2007.0,guadeloupe,D,42.63
2007.0,guadeloupe,ED,3.88
2007.0,guadeloupe,EG,6.71
2007.0,guadeloupe,G,38.28
2007.0,guyane,C,12.51
2007.0,guyane,D,41.35
2007.0,guyane,ED,6.34
2007.0,guyane,EG,7.27
2007.0,guyane,G,32.53
2007.0,haut-rhin,C,20.04
2007.0,haut-rhin,D,36.12
2007.0,haut-rhin,ED,17.08
2007.0,haut-rhin,EG,9.56
2007.0,haut-rhin,G,17.19
2007.0,haute-corse,C,11.83
2007.0,haute-corse,D,36.54
2007.0,haute-corse,ED,17.3
2007.0,haute-corse,EG,10.68
2007.0,haute-corse,G,23.65
2007.0,haute-garonne,C,19.36
2007.0,haute-garonne,D,26.68
2007.0,haute-garonne,ED,10.74
2007.0,haute-garonne,EG,10.13
2007.0,haute-garonne,G,33.09
2007.0,haute-loire,C,21.31
2007.0,haute-loire,D,28.8
2007.0,haute-loire,ED,15.8
2007.0,haute-loire,EG,11.51
2007.0,haute-loire,G,22.58
2007.0,haute-marne,C,15.44
2007.0,haute-marne,D,31.71
2007.0,haute-marne,ED,21.45
2007.0,haute-marne,EG,10.92
2007.0,haute-marne,G,20.47
2007.0,haute-saone,C,14.57
2007.0,haute-saone,D,30.44
2007.0,haute-saone,ED,20.4
2007.0,haute-saone,EG,11.14
2007.0,haute-saone,G,23.47
2007.0,haute-savoie,C,22.09
2007.0,haute-savoie,D,37.45
2007.0,haute-savoie,ED,12.58
2007.0,haute-savoie,EG,9.12
2007.0,haute-savoie,G,18.75
2007.0,haute-vienne,C,17.76
2007.0,haute-vienne,D,25.1
2007.0,haute-vienne,ED,12.28
2007.0,haute-vienne,EG,13.4
2007.0,haute-vienne,G,31.46
2007.0,hautes-alpes,C,19.8
2007.0,hautes-alpes,D,30.66
2007.0,hautes-alpes,ED,13.12
2007.0,hautes-alpes,EG,11.94
2007.0,hautes-alpes,G,24.49
2007.0,hautes-pyrenees,C,23.41
2007.0,hautes-pyrenees,D,22.76
2007.0,hautes-pyrenees,ED,11.16
2007.0,hautes-pyrenees,EG,11.8
2007.0,hautes-pyrenees,G,30.88
2007.0,hauts-de-seine,C,21.3
2007.0,hauts-de-seine,D,38.27
2007.0,hauts-de-seine,ED,7.03
2007.0,hauts-de-seine,EG,7.41
2007.0,hauts-de-seine,G,25.97
2007.0,herault,C,15.31
2007.0,herault,D,31.14
2007.0,herault,ED,16.47
2007.0,herault,EG,11.03
2007.0,herault,G,26.05
2007.0,ille-et-vilaine,C,23.81
2007.0,ille-et-vilaine,D,28.13
2007.0,ille-et-vilaine,ED,9.39
2007.0,ille-et-vilaine,EG,10.45
2007.0,ille-et-vilaine,G,28.22
2007.0,indre,C,17.92
2007.0,indre,D,26.95
2007.0,indre,ED,16.91
2007.0,indre,EG,13.14
2007.0,indre,G,25.07
2007.0,indre-et-loire,C,20.24
2007.0,indre-et-loire,D,30.7
2007.0,indre-et-loire,ED,13.28
2007.0,indre-et-loire,EG,10.89
2007.0,indre-et-loire,G,24.87
2007.0,isere,C,19.31
2007.0,isere,D,30.21
2007.0,isere,ED,12.94
2007.0,isere,EG,10.7
2007.0,isere,G,26.86
2007.0,jura,C,18.62
2007.0,jura,D,29.1
2007.0,jura,ED,17.44
2007.0,jura,EG,12.17
2007.0,jura,G,22.67
2007.0,la-reunion,C,13.29
2007.0,la-reunion,D,25.09
2007.0,la-reunion,ED,5.77
2007.0,la-reunion,EG,9.63
2007.0,la-reunion,G,46.22
2007.0,landes,C,20.03
2007.0,landes,D,27.42
2007.0,landes,ED,10.89
2007.0,landes,EG,10.25
2007.0,landes,G,31.42
2007.0,loir-et-cher,C,19.42
2007.0,loir-et-cher,D,29.84
2007.0,loir-et-cher,ED,17.89
2007.0,loir-et-cher,EG,10.93
2007.0,loir-et-cher,G,21.93
2007.0,loire,C,19.97
2007.0,loire,D,29.67
2007.0,loire,ED,15.65
2007.0,loire,EG,10.89
2007.0,loire,G,23.82
2007.0,loire-atlantique,C,20.82
2007.0,loire-atlantique,D,28.01
2007.0,loire-atlantique,ED,10.91
2007.0,loire-atlantique,EG,10.49
2007.0,loire-atlantique,G,29.77
2007.0,loiret,C,18.15
2007.0,loiret,D,33.66
2007.0,loiret,ED,16.02
2007.0,loiret,EG,9.68
2007.0,loiret,G,22.49
2007.0,lot,C,19.92
2007.0,lot,D,24.22
2007.0,lot,ED,11.31
2007.0,lot,EG,12.57
2007.0,lot,G,31.98
2007.0,lot-et-garonne,C,18.47
2007.0,lot-et-garonne,D,29.17
2007.0,lot-et-garonne,ED,16.69
2007.0,lot-et-garonne,EG,10.44
2007.0,lot-et-garonne,G,25.22
2007.0,lozere,C,21.09
2007.0,lozere,D,31.81
2007.0,lozere,ED,13.44
2007.0,lozere,EG,10.94
2007.0,lozere,G,22.72
2007.0,maine-et-loire,C,23.2
2007.0,maine-et-loire,D,30.97
2007.0,maine-et-loire,ED,12.61
2007.0,maine-et-loire,EG,9.99
2007.0,maine-et-loire,G,23.24
2007.0,manche,C,20.92
2007.0,manche,D,32.06
2007.0,manche,ED,14.76
2007.0,manche,EG,10.76
2007.0,manche,G,21.5
2007.0,marne,C,17.79
2007.0,marne,D,33.75
2007.0,marne,ED,17.39
2007.0,marne,EG,10.36
2007.0,marne,G,20.72
2007.0,martinique,C,8.61
2007.0,martinique,D,33.77
2007.0,martinique,ED,2.81
2007.0,martinique,EG,6.35
2007.0,martinique,G,48.48
2007.0,mayenne,C,23.59
2007.0,mayenne,D,32.12
2007.0,mayenne,ED,11.9
2007.0,mayenne,EG,9.75
2007.0,mayenne,G,22.63
2007.0,mayotte,C,25.67
2007.0,mayotte,D,30.48
2007.0,mayotte,ED,5.73
2007.0,mayotte,EG,10.19
2007.0,mayotte,G,27.94
2007.0,meurthe-et-moselle,C,18.27
2007.0,meurthe-et-moselle,D,28.46
2007.0,meurthe-et-moselle,ED,15.22
2007.0,meurthe-et-moselle,EG,12.52
2007.0,meurthe-et-moselle,G,25.52
2007.0,meuse,C,17.56
2007.0,meuse,D,29.98
2007.0,meuse,ED,20.29
2007.0,meuse,EG,11.04
2007.0,meuse,G,21.13
2007.0,morbihan,C,21.98
2007.0,morbihan,D,29.8
2007.0,morbihan,ED,12.46
2007.0,morbihan,EG,10.62
2007.0,morbihan,G,25.13
2007.0,moselle,C,18.82
2007.0,moselle,D,30.57
2007.0,moselle,ED,17.4
2007.0,moselle,EG,11.12
2007.0,moselle,G,22.08
2007.0,nievre,C,15.44
2007.0,nievre,D,26.31
2007.0,nievre,ED,15.96
2007.0,nievre,EG,12.95
2007.0,nievre,G,29.35
2007.0,nord,C,15.64
2007.0,nord,D,29.3
2007.0,nord,ED,17.1
2007.0,nord,EG,13.14
2007.0,nord,G,24.83
2007.0,nouvelle-caledonie,C,8.85
2007.0,nouvelle-caledonie,D,49.74
2007.0,nouvelle-caledonie,ED,6.82
2007.0,nouvelle-caledonie,EG,10.86
2007.0,nouvelle-caledonie,G,23.73
2007.0,oise,C,15.95
2007.0,oise,D,32.9
2007.0,oise,ED,18.54
2007.0,oise,EG,11.31
2007.0,oise,G,21.31
2007.0,orne,C,19.05
2007.0,orne,D,32.33
2007.0,orne,ED,17.49
2007.0,orne,EG,10.48
2007.0,orne,G,20.64
2007.0,paris,C,20.73
2007.0,paris,D,35.07
2007.0,paris,ED,5.84
2007.0,paris,EG,6.61
2007.0,paris,G,31.75
2007.0,pas-de-calais,C,13.65
2007.0,pas-de-calais,D,25.68
2007.0,pas-de-calais,ED,20.37
2007.0,pas-de-calais,EG,14.96
2007.0,pas-de-calais,G,25.34
2007.0,polynesie-francaise,C,7.15
2007.0,polynesie-francaise,D,45.23
2007.0,polynesie-francaise,ED,2.42
2007.0,polynesie-francaise,EG,3.52
2007.0,polynesie-francaise,G,41.68
2007.0,puy-de-dome,C,20.33
2007.0,puy-de-dome,D,26.28
2007.0,puy-de-dome,ED,11.37
2007.0,puy-de-dome,EG,12.71
2007.0,puy-de-dome,G,29.32
2007.0,pyrenees-atlantiques,C,29.61
2007.0,pyrenees-atlantiques,D,24.93
2007.0,pyrenees-atlantiques,ED,9.07
2007.0,pyrenees-atlantiques,EG,10.08
2007.0,pyrenees-atlantiques,G,26.31
2007.0,pyrenees-orientales,C,14.21
2007.0,pyrenees-orientales,D,32.2
2007.0,pyrenees-orientales,ED,17.33
2007.0,pyrenees-orientales,EG,11.46
2007.0,pyrenees-orientales,G,24.82
2007.0,rhone,C,20.91
2007.0,rhone,D,35.07
2007.0,rhone,ED,11.51
2007.0,rhone,EG,8.64
2007.0,rhone,G,23.86
2007.0,saint-pierre-et-miquelon,C,23.03
2007.0,saint-pierre-et-miquelon,D,24.93
2007.0,saint-pierre-et-miquelon,ED,8.96
2007.0,saint-pierre-et-miquelon,EG,16.44
2007.0,saint-pierre-et-miquelon,G,26.64
2007.0,saone-et-loire,C,18.23
2007.0,saone-et-loire,D,29.88
2007.0,saone-et-loire,ED,15.41
2007.0,saone-et-loire,EG,10.69
2007.0,saone-et-loire,G,25.8
2007.0,sarthe,C,18.33
2007.0,sarthe,D,29.02
2007.0,sarthe,ED,15.1
2007.0,sarthe,EG,12.07
2007.0,sarthe,G,25.48
2007.0,savoie,C,20.07
2007.0,savoie,D,33.12
2007.0,savoie,ED,13.83
2007.0,savoie,EG,11.14
2007.0,savoie,G,21.83
2007.0,seine-et-marne,C,18.76
2007.0,seine-et-marne,D,33.54
2007.0,seine-et-marne,ED,13.98
2007.0,seine-et-marne,EG,9.93
2007.0,seine-et-marne,G,23.8
2007.0,seine-maritime,C,17.16
2007.0,seine-maritime,D,28.42
2007.0,seine-maritime,ED,14.86
2007.0,seine-maritime,EG,13.65
2007.0,seine-maritime,G,25.91
2007.0,seine-saint-denis,C,16.72
2007.0,seine-saint-denis,D,26.85
2007.0,seine-saint-denis,ED,10.63
2007.0,seine-saint-denis,EG,11.67
2007.0,seine-saint-denis,G,34.13
2007.0,somme,C,14.29
2007.0,somme,D,27.73
2007.0,somme,ED,19.89
2007.0,somme,EG,13.18
2007.0,somme,G,24.89
2007.0,tarn,C,18.78
2007.0,tarn,D,26.95
2007.0,tarn,ED,14.15
2007.0,tarn,EG,10.84
2007.0,tarn,G,29.3
2007.0,tarn-et-garonne,C,17.43
2007.0,tarn-et-garonne,D,28.7
2007.0,tarn-et-garonne,ED,17.02
2007.0,tarn-et-garonne,EG,10.08
2007.0,tarn-et-garonne,G,26.76
2007.0,territoire-de-belfort,C,15.27
2007.0,territoire-de-belfort,D,29.99
2007.0,territoire-de-belfort,ED,17.92
2007.0,territoire-de-belfort,EG,11.82
2007.0,territoire-de-belfort,G,25.0
2007.0,val-d-oise,C,19.0
2007.0,val-d-oise,D,32.37
2007.0,val-d-oise,ED,11.33
2007.0,val-d-oise,EG,9.54
2007.0,val-d-oise,G,27.76
2007.0,val-de-marne,C,19.76
2007.0,val-de-marne,D,31.82
2007.0,val-de-marne,ED,9.01
2007.0,val-de-marne,EG,10.42
2007.0,val-de-marne,G,29.0
2007.0,var,C,15.31
2007.0,var,D,39.74
2007.0,var,ED,17.32
2007.0,var,EG,8.92
2007.0,var,G,18.71
2007.0,vaucluse,C,15.46
2007.0,vaucluse,D,32.63
2007.0,vaucluse,ED,20.74
2007.0,vaucluse,EG,9.72
2007.0,vaucluse,G,21.45
2007.0,vendee,C,20.77
2007.0,vendee,D,29.72
2007.0,vendee,ED,19.36
2007.0,vendee,EG,8.47
2007.0,vendee,G,21.67
2007.0,vienne,C,19.01
2007.0,vienne,D,27.86
2007.0,vienne,ED,13.49
2007.0,vienne,EG,10.5
2007.0,vienne,G,29.16
2007.0,vosges,C,17.72
2007.0,vosges,D,29.05
2007.0,vosges,ED,19.22
2007.0,vosges,EG,11.25
2007.0,vosges,G,22.77
2007.0,wallis-et-futuna,C,11.2
2007.0,wallis-et-futuna,D,43.55
2007.0,wallis-et-futuna,ED,1.75
2007.0,wallis-et-futuna,EG,4.05
2007.0,wallis-et-futuna,G,39.46
2007.0,yonne,C,17.47
2007.0,yonne,D,32.28
2007.0,yonne,ED,18.77
2007.0,yonne,EG,10.76
2007.0,yonne,G,20.71
2007.0,yvelines,C,21.86
2007.0,yvelines,D,37.66
2007.0,yvelines,ED,9.72
2007.0,yvelines,EG,7.66
2007.0,yvelines,G,23.11
2012.0,ain,Autre,0.27
2012.0,ain,C,10.16
2012.0,ain,D,30.41
2012.0,ain,ED,22.95
2012.0,ain,EG,13.46
2012.0,ain,G,22.75
2012.0,aisne,Autre,0.25
2012.0,aisne,C,6.68
2012.0,aisne,D,24.2
2012.0,aisne,ED,28.29
2012.0,aisne,EG,13.49
2012.0,aisne,G,27.1
2012.0,allier,Autre,0.22
2012.0,allier,C,8.65
2012.0,allier,D,24.02
2012.0,allier,ED,20.3
2012.0,allier,EG,17.12
2012.0,allier,G,29.68
2012.0,alpes-de-haute-provence,Autre,0.28
2012.0,alpes-de-haute-provence,C,7.42
2012.0,alpes-de-haute-provence,D,25.47
2012.0,alpes-de-haute-provence,ED,22.54
2012.0,alpes-de-haute-provence,EG,19.92
2012.0,alpes-de-haute-provence,G,24.36
2012.0,alpes-maritimes,Autre,0.21
2012.0,alpes-maritimes,C,6.69
2012.0,alpes-maritimes,D,37.19
2012.0,alpes-maritimes,ED,25.09
2012.0,alpes-maritimes,EG,11.6
2012.0,alpes-maritimes,G,19.21
2012.0,ardeche,Autre,0.26
2012.0,ardeche,C,9.15
2012.0,ardeche,D,23.76
2012.0,ardeche,ED,21.98
2012.0,ardeche,EG,18.87
2012.0,ardeche,G,25.98
2012.0,ardennes,Autre,0.24
2012.0,ardennes,C,7.52
2012.0,ardennes,D,24.43
2012.0,ardennes,ED,26.31
2012.0,ardennes,EG,12.56
2012.0,ardennes,G,28.93
2012.0,ariege,Autre,0.23
2012.0,ariege,C,6.67
2012.0,ariege,D,18.72
2012.0,ariege,ED,18.3
2012.0,ariege,EG,21.71
2012.0,ariege,G,34.36
2012.0,aube,Autre,0.25
2012.0,aube,C,8.37
2012.0,aube,D,30.33
2012.0,aube,ED,27.29
2012.0,aube,EG,10.96
2012.0,aube,G,22.79
2012.0,aude,Autre,0.21
2012.0,aude,C,6.04
2012.0,aude,D,21.63
2012.0,aude,ED,24.69
2012.0,aude,EG,17.02
2012.0,aude,G,30.41
2012.0,aveyron,Autre,0.24
2012.0,aveyron,C,12.55
2012.0,aveyron,D,25.51
2012.0,aveyron,ED,15.8
2012.0,aveyron,EG,16.46
2012.0,aveyron,G,29.44
2012.0,bas-rhin,Autre,0.28
2012.0,bas-rhin,C,11.94
2012.0,bas-rhin,D,33.62
2012.0,bas-rhin,ED,22.94
2012.0,bas-rhin,EG,11.64
2012.0,bas-rhin,G,19.58
2012.0,bouches-du-rhone,Autre,0.22
2012.0,bouches-du-rhone,C,6.35
2012.0,bouches-du-rhone,D,27.5
2012.0,bouches-du-rhone,ED,24.73
2012.0,bouches-du-rhone,EG,16.69
2012.0,bouches-du-rhone,G,24.51
2012.0,calvados,Autre,0.25
2012.0,calvados,C,10.1
2012.0,calvados,D,27.34
2012.0,calvados,ED,18.27
2012.0,calvados,EG,14.69
2012.0,calvados,G,29.34
2012.0,cantal,Autre,0.24
2012.0,cantal,C,11.16
2012.0,cantal,D,28.61
2012.0,cantal,ED,16.78
2012.0,cantal,EG,12.38
2012.0,cantal,G,30.84
2012.0,charente,Autre,0.25
2012.0,charente,C,8.81
2012.0,charente,D,23.06
2012.0,charente,ED,19.76
2012.0,charente,EG,15.32
2012.0,charente,G,32.79
2012.0,charente-maritime,Autre,0.23
2012.0,charente-maritime,C,9.08
2012.0,charente-maritime,D,28.1
2012.0,charente-maritime,ED,19.54
2012.0,charente-maritime,EG,14.58
2012.0,charente-maritime,G,28.47
2012.0,cher,Autre,0.24
2012.0,cher,C,8.84
2012.0,cher,D,24.96
2012.0,cher,ED,21.84
2012.0,cher,EG,17.37
2012.0,cher,G,26.76
2012.0,correze,Autre,0.18
2012.0,correze,C,6.93
2012.0,correze,D,21.59
2012.0,correze,ED,14.96
2012.0,correze,EG,13.36
2012.0,correze,G,42.97
2012.0,corse-du-sud,Autre,0.22
2012.0,corse-du-sud,C,5.48
2012.0,corse-du-sud,D,31.83
2012.0,corse-du-sud,ED,26.78
2012.0,corse-du-sud,EG,13.4
2012.0,corse-du-sud,G,22.29
2012.0,cote-d-or,Autre,0.24
2012.0,cote-d-or,C,9.37
2012.0,cote-d-or,D,28.57
2012.0,cote-d-or,ED,20.79
2012.0,cote-d-or,EG,13.23
2012.0,cote-d-or,G,27.79
2012.0,cotes-d-armor,Autre,0.24
2012.0,cotes-d-armor,C,10.6
2012.0,cotes-d-armor,D,23.86
2012.0,cotes-d-armor,ED,15.29
2012.0,cotes-d-armor,EG,16.98
2012.0,cotes-d-armor,G,33.02
2012.0,creuse,Autre,0.25
2012.0,creuse,C,8.33
2012.0,creuse,D,22.23
2012.0,creuse,ED,18.2
2012.0,creuse,EG,16.98
2012.0,creuse,G,34.02
2012.0,deux-sevres,Autre,0.26
2012.0,deux-sevres,C,11.0
2012.0,deux-sevres,D,25.01
2012.0,deux-sevres,ED,15.8
2012.0,deux-sevres,EG,14.59
2012.0,deux-sevres,G,33.34
2012.0,dordogne,Autre,0.24
2012.0,dordogne,C,8.07
2012.0,dordogne,D,22.93
2012.0,dordogne,ED,18.88
2012.0,dordogne,EG,17.78
2012.0,dordogne,G,32.09
2012.0,doubs,Autre,0.26
2012.0,doubs,C,8.8
2012.0,doubs,D,28.49
2012.0,doubs,ED,21.03
2012.0,doubs,EG,15.14
2012.0,doubs,G,26.28
2012.0,drome,Autre,0.26
2012.0,drome,C,8.88
2012.0,drome,D,26.12
2012.0,drome,ED,22.9
2012.0,drome,EG,16.79
2012.0,drome,G,25.05
2012.0,essonne,Autre,0.24
2012.0,essonne,C,9.33
2012.0,essonne,D,25.46
2012.0,essonne,ED,18.61
2012.0,essonne,EG,15.96
2012.0,essonne,G,30.39
2012.0,eure,Autre,0.27
2012.0,eure,C,8.41
2012.0,eure,D,27.78
2012.0,eure,ED,24.86
2012.0,eure,EG,14.02
2012.0,eure,G,24.65
2012.0,eure-et-loir,Autre,0.26
2012.0,eure-et-loir,C,9.22
2012.0,eure-et-loir,D,29.39
2012.0,eure-et-loir,ED,22.96
2012.0,eure-et-loir,EG,12.45
2012.0,eure-et-loir,G,25.71
2012.0,finistere,Autre,0.27
2012.0,finistere,C,11.27
2012.0,finistere,D,24.46
2012.0,finistere,ED,13.76
2012.0,finistere,EG,16.55
2012.0,finistere,G,33.7
2012.0,francais-de-l-etranger,Autre,0.36
2012.0,francais-de-l-etranger,C,11.37
2012.0,francais-de-l-etranger,D,38.01
2012.0,francais-de-l-etranger,ED,7.2
2012.0,francais-de-l-etranger,EG,14.73
2012.0,francais-de-l-etranger,G,28.32
2012.0,gard,Autre,0.23
2012.0,gard,C,6.91
2012.0,gard,D,24.86
2012.0,gard,ED,26.97
2012.0,gard,EG,16.93
2012.0,gard,G,24.11
2012.0,gers,Autre,0.25
2012.0,gers,C,9.95
2012.0,gers,D,24.14
2012.0,gers,ED,17.72
2012.0,gers,EG,16.08
2012.0,gers,G,31.86
2012.0,gironde,Autre,0.23
2012.0,gironde,C,9.68
2012.0,gironde,D,24.84
2012.0,gironde,ED,17.21
2012.0,gironde,EG,16.28
2012.0,gironde,G,31.75
2012.0,guadeloupe,Autre,0.3
2012.0,guadeloupe,C,4.73
2012.0,guadeloupe,D,23.4
2012.0,guadeloupe,ED,6.01
2012.0,guadeloupe,EG,8.56
2012.0,guadeloupe,G,57.0
2012.0,guyane,Autre,0.4
2012.0,guyane,C,6.23
2012.0,guyane,D,27.19
2012.0,guyane,ED,11.59
2012.0,guyane,EG,11.98
2012.0,guyane,G,42.61
2012.0,haut-rhin,Autre,0.33
2012.0,haut-rhin,C,11.39
2012.0,haut-rhin,D,31.91
2012.0,haut-rhin,ED,25.53
2012.0,haut-rhin,EG,11.96
2012.0,haut-rhin,G,18.89
2012.0,haute-corse,Autre,0.2
2012.0,haute-corse,C,4.6
2012.0,haute-corse,D,31.06
2012.0,haute-corse,ED,24.33
2012.0,haute-corse,EG,13.81
2012.0,haute-corse,G,25.99
2012.0,haute-garonne,Autre,0.25
2012.0,haute-garonne,C,9.32
2012.0,haute-garonne,D,22.84
2012.0,haute-garonne,ED,16.84
2012.0,haute-garonne,EG,17.94
2012.0,haute-garonne,G,32.83
2012.0,haute-loire,Autre,0.22
2012.0,haute-loire,C,11.17
2012.0,haute-loire,D,24.42
2012.0,haute-loire,ED,22.48
2012.0,haute-loire,EG,15.34
2012.0,haute-loire,G,26.36
2012.0,haute-marne,Autre,0.24
2012.0,haute-marne,C,7.97
2012.0,haute-marne,D,27.99
2012.0,haute-marne,ED,27.67
2012.0,haute-marne,EG,12.39
2012.0,haute-marne,G,23.75
2012.0,haute-saone,Autre,0.28
2012.0,haute-saone,C,7.61
2012.0,haute-saone,D,25.23
2012.0,haute-saone,ED,27.15
2012.0,haute-saone,EG,13.35
2012.0,haute-saone,G,26.38
2012.0,haute-savoie,Autre,0.31
2012.0,haute-savoie,C,11.83
2012.0,haute-savoie,D,34.06
2012.0,haute-savoie,ED,18.88
2012.0,haute-savoie,EG,14.39
2012.0,haute-savoie,G,20.52
2012.0,haute-vienne,Autre,0.24
2012.0,haute-vienne,C,7.89
2012.0,haute-vienne,D,19.83
2012.0,haute-vienne,ED,18.11
2012.0,haute-vienne,EG,18.03
2012.0,haute-vienne,G,35.9
2012.0,hautes-alpes,Autre,0.24
2012.0,hautes-alpes,C,9.86
2012.0,hautes-alpes,D,26.11
2012.0,hautes-alpes,ED,19.75
2012.0,hautes-alpes,EG,19.55
2012.0,hautes-alpes,G,24.49
2012.0,hautes-pyrenees,Autre,0.21
2012.0,hautes-pyrenees,C,10.55
2012.0,hautes-pyrenees,D,20.39
2012.0,hautes-pyrenees,ED,16.55
2012.0,hautes-pyrenees,EG,19.14
2012.0,hautes-pyrenees,G,33.16
2012.0,hauts-de-seine,Autre,0.26
2012.0,hauts-de-seine,C,10.69
2012.0,hauts-de-seine,D,34.97
2012.0,hauts-de-seine,ED,9.85
2012.0,hauts-de-seine,EG,14.08
2012.0,hauts-de-seine,G,30.16
2012.0,herault,Autre,0.23
2012.0,herault,C,6.86
2012.0,herault,D,25.31
2012.0,herault,ED,23.68
2012.0,herault,EG,17.22
2012.0,herault,G,26.69
2012.0,ille-et-vilaine,Autre,0.24
2012.0,ille-et-vilaine,C,12.35
2012.0,ille-et-vilaine,D,26.02
2012.0,ille-et-vilaine,ED,14.22
2012.0,ille-et-vilaine,EG,15.41
2012.0,ille-et-vilaine,G,31.77
2012.0,indre,Autre,0.28
2012.0,indre,C,8.98
2012.0,indre,D,24.16
2012.0,indre,ED,21.72
2012.0,indre,EG,15.0
2012.0,indre,G,29.87
2012.0,indre-et-loire,Autre,0.27
2012.0,indre-et-loire,C,10.27
2012.0,indre-et-loire,D,28.24
2012.0,indre-et-loire,ED,17.99
2012.0,indre-et-loire,EG,15.12
2012.0,indre-et-loire,G,28.1
2012.0,isere,Autre,0.26
2012.0,isere,C,9.1
2012.0,isere,D,24.96
2012.0,isere,ED,20.87
2012.0,isere,EG,16.98
2012.0,isere,G,27.84
2012.0,jura,Autre,0.28
2012.0,jura,C,9.62
2012.0,jura,D,25.83
2012.0,jura,ED,22.7
2012.0,jura,EG,16.97
2012.0,jura,G,24.6
2012.0,la-reunion,Autre,0.29
2012.0,la-reunion,C,6.83
2012.0,la-reunion,D,17.96
2012.0,la-reunion,ED,11.31
2012.0,la-reunion,EG,10.33
2012.0,la-reunion,G,53.29
2012.0,landes,Autre,0.21
2012.0,landes,C,10.43
2012.0,landes,D,24.56
2012.0,landes,ED,15.74
2012.0,landes,EG,16.3
2012.0,landes,G,32.75
2012.0,loir-et-cher,Autre,0.26
2012.0,loir-et-cher,C,9.76
2012.0,loir-et-cher,D,28.35
2012.0,loir-et-cher,ED,23.02
2012.0,loir-et-cher,EG,13.59
2012.0,loir-et-cher,G,25.01
2012.0,loire,Autre,0.23
2012.0,loire,C,9.75
2012.0,loire,D,25.07
2012.0,loire,ED,23.66
2012.0,loire,EG,14.83
2012.0,loire,G,26.46
2012.0,loire-atlantique,Autre,0.23
2012.0,loire-atlantique,C,11.3
2012.0,loire-atlantique,D,26.07
2012.0,loire-atlantique,ED,14.02
2012.0,loire-atlantique,EG,16.63
2012.0,loire-atlantique,G,31.76
2012.0,loiret,Autre,0.25
2012.0,loiret,C,9.31
2012.0,loiret,D,29.31
2012.0,loiret,ED,22.69
2012.0,loiret,EG,12.99
2012.0,loiret,G,25.45
2012.0,lot,Autre,0.26
2012.0,lot,C,9.33
2012.0,lot,D,21.43
2012.0,lot,ED,15.42
2012.0,lot,EG,19.05
2012.0,lot,G,34.51
2012.0,lot-et-garonne,Autre,0.23
2012.0,lot-et-garonne,C,8.85
2012.0,lot-et-garonne,D,25.32
2012.0,lot-et-garonne,ED,23.2
2012.0,lot-et-garonne,EG,15.48
2012.0,lot-et-garonne,G,26.91
2012.0,lozere,Autre,0.24
2012.0,lozere,C,11.01
2012.0,lozere,D,27.77
2012.0,lozere,ED,18.99
2012.0,lozere,EG,16.84
2012.0,lozere,G,25.15
2012.0,maine-et-loire,Autre,0.26
2012.0,maine-et-loire,C,12.77
2012.0,maine-et-loire,D,29.93
2012.0,maine-et-loire,ED,16.09
2012.0,maine-et-loire,EG,13.85
2012.0,maine-et-loire,G,27.1
2012.0,manche,Autre,0.29
2012.0,manche,C,11.2
2012.0,manche,D,28.82
2012.0,manche,ED,18.91
2012.0,manche,EG,13.75
2012.0,manche,G,27.04
2012.0,marne,Autre,0.24
2012.0,marne,C,9.5
2012.0,marne,D,29.87
2012.0,marne,ED,24.47
2012.0,marne,EG,11.88
2012.0,marne,G,24.05
2012.0,martinique,Autre,0.38
2012.0,martinique,C,5.93
2012.0,martinique,D,26.28
2012.0,martinique,ED,5.83
2012.0,martinique,EG,9.6
2012.0,martinique,G,51.98
2012.0,mayenne,Autre,0.23
2012.0,mayenne,C,13.78
2012.0,mayenne,D,30.69
2012.0,mayenne,ED,16.91
2012.0,mayenne,EG,12.51
2012.0,mayenne,G,25.87
2012.0,mayotte,Autre,0.49
2012.0,mayotte,C,4.18
2012.0,mayotte,D,48.73
2012.0,mayotte,ED,3.87
2012.0,mayotte,EG,6.17
2012.0,mayotte,G,36.55
2012.0,meurthe-et-moselle,Autre,0.28
2012.0,meurthe-et-moselle,C,8.69
2012.0,meurthe-et-moselle,D,24.21
2012.0,meurthe-et-moselle,ED,23.08
2012.0,meurthe-et-moselle,EG,15.82
2012.0,meurthe-et-moselle,G,27.92
2012.0,meuse,Autre,0.31
2012.0,meuse,C,9.23
2012.0,meuse,D,26.56
2012.0,meuse,ED,27.86
2012.0,meuse,EG,12.65
2012.0,meuse,G,23.4
2012.0,morbihan,Autre,0.27
2012.0,morbihan,C,10.85
2012.0,morbihan,D,28.15
2012.0,morbihan,ED,17.4
2012.0,morbihan,EG,15.03
2012.0,morbihan,G,28.29
2012.0,moselle,Autre,0.27
2012.0,moselle,C,9.29
2012.0,moselle,D,25.93
2012.0,moselle,ED,26.59
2012.0,moselle,EG,13.4
2012.0,moselle,G,24.53
2012.0,nievre,Autre,0.26
2012.0,nievre,C,7.46
2012.0,nievre,D,22.51
2012.0,nievre,ED,21.54
2012.0,nievre,EG,15.59
2012.0,nievre,G,32.64
2012.0,nord,Autre,0.23
2012.0,nord,C,7.48
2012.0,nord,D,24.7
2012.0,nord,ED,23.45
2012.0,nord,EG,16.17
2012.0,nord,G,27.97
2012.0,nouvelle-caledonie,Autre,0.31
2012.0,nouvelle-caledonie,C,5.13
2012.0,nouvelle-caledonie,D,49.63
2012.0,nouvelle-caledonie,ED,12.59
2012.0,nouvelle-caledonie,EG,7.42
2012.0,nouvelle-caledonie,G,24.91
2012.0,oise,Autre,0.25
2012.0,oise,C,7.61
2012.0,oise,D,26.59
2012.0,oise,ED,27.03
2012.0,oise,EG,13.62
2012.0,oise,G,24.9
2012.0,orne,Autre,0.24
2012.0,orne,C,10.55
2012.0,orne,D,29.64
2012.0,orne,ED,22.4
2012.0,orne,EG,12.9
2012.0,orne,G,24.26
2012.0,paris,Autre,0.23
2012.0,paris,C,9.34
2012.0,paris,D,32.19
2012.0,paris,ED,7.2
2012.0,paris,EG,16.21
2012.0,paris,G,34.83
2012.0,pas-de-calais,Autre,0.21
2012.0,pas-de-calais,C,6.4
2012.0,pas-de-calais,D,21.86
2012.0,pas-de-calais,ED,27.19
2012.0,pas-de-calais,EG,14.89
2012.0,pas-de-calais,G,29.44
2012.0,polynesie-francaise,Autre,0.42
2012.0,polynesie-francaise,C,5.72
2012.0,polynesie-francaise,D,45.21
2012.0,polynesie-francaise,ED,8.5
2012.0,polynesie-francaise,EG,7.71
2012.0,polynesie-francaise,G,32.43
2012.0,puy-de-dome,Autre,0.27
2012.0,puy-de-dome,C,9.95
2012.0,puy-de-dome,D,21.42
2012.0,puy-de-dome,ED,17.35
2012.0,puy-de-dome,EG,17.91
2012.0,puy-de-dome,G,33.09
2012.0,pyrenees-atlantiques,Autre,0.22
2012.0,pyrenees-atlantiques,C,15.67
2012.0,pyrenees-atlantiques,D,23.62
2012.0,pyrenees-atlantiques,ED,13.61
2012.0,pyrenees-atlantiques,EG,16.95
2012.0,pyrenees-atlantiques,G,29.93
2012.0,pyrenees-orientales,Autre,0.22
2012.0,pyrenees-orientales,C,6.29
2012.0,pyrenees-orientales,D,25.31
2012.0,pyrenees-orientales,ED,25.61
2012.0,pyrenees-orientales,EG,16.61
2012.0,pyrenees-orientales,G,25.96
2012.0,rhone,Autre,0.26
2012.0,rhone,C,10.3
2012.0,rhone,D,30.77
2012.0,rhone,ED,16.81
2012.0,rhone,EG,14.96
2012.0,rhone,G,26.91
2012.0,saint-martin-et-saint-barthelemy,Autre,0.35
2012.0,saint-martin-et-saint-barthelemy,C,5.89
2012.0,saint-martin-et-saint-barthelemy,D,43.62
2012.0,saint-martin-et-saint-barthelemy,ED,13.29
2012.0,saint-martin-et-saint-barthelemy,EG,10.09
2012.0,saint-martin-et-saint-barthelemy,G,26.78
2012.0,saint-pierre-et-miquelon,Autre,0.49
2012.0,saint-pierre-et-miquelon,C,7.37
2012.0,saint-pierre-et-miquelon,D,18.55
2012.0,saint-pierre-et-miquelon,ED,18.24
2012.0,saint-pierre-et-miquelon,EG,21.58
2012.0,saint-pierre-et-miquelon,G,33.75
2012.0,saone-et-loire,Autre,0.25
2012.0,saone-et-loire,C,8.83
2012.0,saone-et-loire,D,26.01
2012.0,saone-et-loire,ED,22.06
2012.0,saone-et-loire,EG,14.16
2012.0,saone-et-loire,G,28.69
2012.0,sarthe,Autre,0.23
2012.0,sarthe,C,9.14
2012.0,sarthe,D,26.43
2012.0,sarthe,ED,21.32
2012.0,sarthe,EG,14.76
2012.0,sarthe,G,28.13
2012.0,savoie,Autre,0.27
2012.0,savoie,C,9.89
2012.0,savoie,D,28.61
2012.0,savoie,ED,21.03
2012.0,savoie,EG,16.58
2012.0,savoie,G,23.64
2012.0,seine-et-marne,Autre,0.26
2012.0,seine-et-marne,C,8.55
2012.0,seine-et-marne,D,27.27
2012.0,seine-et-marne,ED,21.83
2012.0,seine-et-marne,EG,14.45
2012.0,seine-et-marne,G,27.65
2012.0,seine-maritime,Autre,0.24
2012.0,seine-maritime,C,7.83
2012.0,seine-maritime,D,25.02
2012.0,seine-maritime,ED,20.69
2012.0,seine-maritime,EG,16.82
2012.0,seine-maritime,G,29.4
2012.0,seine-saint-denis,Autre,0.24
2012.0,seine-saint-denis,C,6.12
2012.0,seine-saint-denis,D,19.48
2012.0,seine-saint-denis,ED,14.86
2012.0,seine-saint-denis,EG,20.63
2012.0,seine-saint-denis,G,38.68
2012.0,somme,Autre,0.22
2012.0,somme,C,7.31
2012.0,somme,D,23.9
2012.0,somme,ED,25.79
2012.0,somme,EG,14.39
2012.0,somme,G,28.37
2012.0,tarn,Autre,0.23
2012.0,tarn,C,9.18
2012.0,tarn,D,23.28
2012.0,tarn,ED,20.56
2012.0,tarn,EG,16.07
2012.0,tarn,G,30.69
2012.0,tarn-et-garonne,Autre,0.25
2012.0,tarn-et-garonne,C,8.28
2012.0,tarn-et-garonne,D,25.14
2012.0,tarn-et-garonne,ED,23.86
2012.0,tarn-et-garonne,EG,14.85
2012.0,tarn-et-garonne,G,27.63
2012.0,territoire-de-belfort,Autre,0.29
2012.0,territoire-de-belfort,C,8.85
2012.0,territoire-de-belfort,D,23.88
2012.0,territoire-de-belfort,ED,25.53
2012.0,territoire-de-belfort,EG,15.45
2012.0,territoire-de-belfort,G,26.01
2012.0,val-d-oise,Autre,0.25
2012.0,val-d-oise,C,8.39
2012.0,val-d-oise,D,26.25
2012.0,val-d-oise,ED,17.3
2012.0,val-d-oise,EG,15.4
2012.0,val-d-oise,G,32.41
2012.0,val-de-marne,Autre,0.26
2012.0,val-de-marne,C,8.86
2012.0,val-de-marne,D,26.57
2012.0,val-de-marne,ED,13.52
2012.0,val-de-marne,EG,17.85
2012.0,val-de-marne,G,32.93
2012.0,var,Autre,0.21
2012.0,var,C,6.66
2012.0,var,D,34.83
2012.0,var,ED,26.46
2012.0,var,EG,12.19
2012.0,var,G,19.65
2012.0,vaucluse,Autre,0.21
2012.0,vaucluse,C,6.73
2012.0,vaucluse,D,27.45
2012.0,vaucluse,ED,28.53
2012.0,vaucluse,EG,14.75
2012.0,vaucluse,G,22.33
2012.0,vendee,Autre,0.24
2012.0,vendee,C,12.13
2012.0,vendee,D,32.89
2012.0,vendee,ED,17.51
2012.0,vendee,EG,12.42
2012.0,vendee,G,24.81
2012.0,vienne,Autre,0.23
2012.0,vienne,C,9.59
2012.0,vienne,D,24.5
2012.0,vienne,ED,18.46
2012.0,vienne,EG,15.23
2012.0,vienne,G,31.99
2012.0,vosges,Autre,0.29
2012.0,vosges,C,9.4
2012.0,vosges,D,25.32
2012.0,vosges,ED,26.56
2012.0,vosges,EG,13.75
2012.0,vosges,G,24.68
2012.0,wallis-et-futuna,Autre,0.45
2012.0,wallis-et-futuna,C,6.4
2012.0,wallis-et-futuna,D,37.68
2012.0,wallis-et-futuna,ED,3.04
2012.0,wallis-et-futuna,EG,4.16
2012.0,wallis-et-futuna,G,48.28
2012.0,yonne,Autre,0.25
2012.0,yonne,C,8.47
2012.0,yonne,D,27.62
2012.0,yonne,ED,25.9
2012.0,yonne,EG,13.76
2012.0,yonne,G,24.0
2012.0,yvelines,Autre,0.28
2012.0,yvelines,C,11.24
2012.0,yvelines,D,34.24
2012.0,yvelines,ED,14.17
2012.0,yvelines,EG,12.76
2012.0,yvelines,G,27.32
2017.0,Ain,Autre,2.35
2017.0,Ain,C,22.62
2017.0,Ain,D,21.43
2017.0,Ain,ED,31.07
2017.0,Ain,EG,17.4
2017.0,Ain,G,5.13
2017.0,Aisne,Autre,1.73
2017.0,Aisne,C,17.94
2017.0,Aisne,D,16.3
2017.0,Aisne,ED,40.75
2017.0,Aisne,EG,19.05
2017.0,Aisne,G,4.24
2017.0,Allier,Autre,2.47
2017.0,Allier,C,23.72
2017.0,Allier,D,18.94
2017.0,Allier,ED,27.43
2017.0,Allier,EG,21.92
2017.0,Allier,G,5.52
2017.0,Alpes-Maritimes,Autre,2.09
2017.0,Alpes-Maritimes,C,19.04
2017.0,Alpes-Maritimes,D,27.39
2017.0,Alpes-Maritimes,ED,32.03
2017.0,Alpes-Maritimes,EG,15.87
2017.0,Alpes-Maritimes,G,3.58
2017.0,Alpes-de-Haute-Provence,Autre,2.87
2017.0,Alpes-de-Haute-Provence,C,20.02
2017.0,Alpes-de-Haute-Provence,D,18.49
2017.0,Alpes-de-Haute-Provence,ED,29.4
2017.0,Alpes-de-Haute-Provence,EG,24.21
2017.0,Alpes-de-Haute-Provence,G,5.0
2017.0,Ardennes,Autre,1.88
2017.0,Ardennes,C,18.33
2017.0,Ardennes,D,17.22
2017.0,Ardennes,ED,37.73
2017.0,Ardennes,EG,19.92
2017.0,Ardennes,G,4.93
2017.0,Ardche,Autre,3.01
2017.0,Ardche,C,21.64
2017.0,Ardche,D,17.3
2017.0,Ardche,ED,28.25
2017.0,Ardche,EG,23.8
2017.0,Ardche,G,6.01
2017.0,Arige,Autre,4.55
2017.0,Arige,C,20.92
2017.0,Arige,D,12.75
2017.0,Arige,ED,25.31
2017.0,Arige,EG,28.62
2017.0,Arige,G,7.85
2017.0,Aube,Autre,1.72
2017.0,Aube,C,18.98
2017.0,Aube,D,23.05
2017.0,Aube,ED,36.68
2017.0,Aube,EG,15.52
2017.0,Aube,G,4.06
2017.0,Aude,Autre,3.16
2017.0,Aude,C,20.07
2017.0,Aude,D,15.06
2017.0,Aude,ED,32.12
2017.0,Aude,EG,23.25
2017.0,Aude,G,6.35
2017.0,Aveyron,Autre,4.58
2017.0,Aveyron,C,25.83
2017.0,Aveyron,D,20.78
2017.0,Aveyron,ED,21.05
2017.0,Aveyron,EG,21.61
2017.0,Aveyron,G,6.16
2017.0,Bas-Rhin,Autre,2.41
2017.0,Bas-Rhin,C,22.29
2017.0,Bas-Rhin,D,22.0
2017.0,Bas-Rhin,ED,31.27
2017.0,Bas-Rhin,EG,16.68
2017.0,Bas-Rhin,G,5.34
2017.0,Bouches-du-Rhne,Autre,2.03
2017.0,Bouches-du-Rhne,C,19.37
2017.0,Bouches-du-Rhne,D,19.76
2017.0,Bouches-du-Rhne,ED,31.13
2017.0,Bouches-du-Rhne,EG,23.17
2017.0,Bouches-du-Rhne,G,4.53
2017.0,Calvados,Autre,1.59
2017.0,Calvados,C,24.83
2017.0,Calvados,D,20.5
2017.0,Calvados,ED,25.36
2017.0,Calvados,EG,20.91
2017.0,Calvados,G,6.8
2017.0,Cantal,Autre,3.9
2017.0,Cantal,C,26.73
2017.0,Cantal,D,23.58
2017.0,Cantal,ED,22.59
2017.0,Cantal,EG,17.96
2017.0,Cantal,G,5.25
2017.0,Charente,Autre,2.55
2017.0,Charente,C,25.07
2017.0,Charente,D,16.96
2017.0,Charente,ED,26.43
2017.0,Charente,EG,22.68
2017.0,Charente,G,6.32
2017.0,Charente-Maritime,Autre,2.35
2017.0,Charente-Maritime,C,23.91
2017.0,Charente-Maritime,D,20.59
2017.0,Charente-Maritime,ED,26.46
2017.0,Charente-Maritime,EG,20.92
2017.0,Charente-Maritime,G,5.76
2017.0,Cher,Autre,2.17
2017.0,Cher,C,22.05
2017.0,Cher,D,19.09
2017.0,Cher,ED,29.71
2017.0,Cher,EG,21.67
2017.0,Cher,G,5.3
2017.0,Corrze,Autre,3.9
2017.0,Corrze,C,26.93
2017.0,Corrze,D,17.46
2017.0,Corrze,ED,22.18
2017.0,Corrze,EG,23.16
2017.0,Corrze,G,6.36
2017.0,Corse-du-Sud,Autre,6.25
2017.0,Corse-du-Sud,C,17.87
2017.0,Corse-du-Sud,D,25.68
2017.0,Corse-du-Sud,ED,31.66
2017.0,Corse-du-Sud,EG,15.04
2017.0,Corse-du-Sud,G,3.49
2017.0,Creuse,Autre,3.0
2017.0,Creuse,C,22.5
2017.0,Creuse,D,17.99
2017.0,Creuse,ED,24.89
2017.0,Creuse,EG,23.8
2017.0,Creuse,G,7.82
2017.0,Cte-d'Or,Autre,1.96
2017.0,Cte-d'Or,C,23.65
2017.0,Cte-d'Or,D,21.26
2017.0,Cte-d'Or,ED,27.77
2017.0,Cte-d'Or,EG,19.46
2017.0,Cte-d'Or,G,5.9
2017.0,Ctes-d'Armor,Autre,1.78
2017.0,Ctes-d'Armor,C,27.99
2017.0,Ctes-d'Armor,D,18.38
2017.0,Ctes-d'Armor,ED,20.72
2017.0,Ctes-d'Armor,EG,22.54
2017.0,Ctes-d'Armor,G,8.6
2017.0,Deux-Svres,Autre,2.08
2017.0,Deux-Svres,C,26.97
2017.0,Deux-Svres,D,18.75
2017.0,Deux-Svres,ED,23.32
2017.0,Deux-Svres,EG,21.9
2017.0,Deux-Svres,G,6.97
2017.0,Dordogne,Autre,3.49
2017.0,Dordogne,C,22.49
2017.0,Dordogne,D,17.09
2017.0,Dordogne,ED,25.52
2017.0,Dordogne,EG,25.06
2017.0,Dordogne,G,6.35
2017.0,Doubs,Autre,2.18
2017.0,Doubs,C,22.5
2017.0,Doubs,D,21.09
2017.0,Doubs,ED,28.63
2017.0,Doubs,EG,19.85
2017.0,Doubs,G,5.74
2017.0,Drme,Autre,2.55
2017.0,Drme,C,21.88
2017.0,Drme,D,18.5
2017.0,Drme,ED,29.09
2017.0,Drme,EG,21.96
2017.0,Drme,G,6.02
2017.0,Essonne,Autre,2.13
2017.0,Essonne,C,26.21
2017.0,Essonne,D,18.04
2017.0,Essonne,ED,23.61
2017.0,Essonne,EG,23.27
2017.0,Essonne,G,6.75
2017.0,Eure,Autre,1.82
2017.0,Eure,C,19.89
2017.0,Eure,D,18.84
2017.0,Eure,ED,34.98
2017.0,Eure,EG,19.42
2017.0,Eure,G,5.05
2017.0,Eure-et-Loir,Autre,1.98
2017.0,Eure-et-Loir,C,21.74
2017.0,Eure-et-Loir,D,21.84
2017.0,Eure-et-Loir,ED,31.09
2017.0,Eure-et-Loir,EG,18.1
2017.0,Eure-et-Loir,G,5.25
2017.0,Finistre,Autre,1.92
2017.0,Finistre,C,29.45
2017.0,Finistre,D,17.94
2017.0,Finistre,ED,17.97
2017.0,Finistre,EG,21.8
2017.0,Finistre,G,10.91
2017.0,Franais tablis hors de France,Autre,1.66
2017.0,Franais tablis hors de France,C,40.4
2017.0,Franais tablis hors de France,D,26.32
2017.0,Franais tablis hors de France,ED,8.07
2017.0,Franais tablis hors de France,EG,16.69
2017.0,Franais tablis hors de France,G,6.87
2017.0,Gard,Autre,2.54
2017.0,Gard,C,18.78
2017.0,Gard,D,17.2
2017.0,Gard,ED,33.53
2017.0,Gard,EG,23.07
2017.0,Gard,G,4.87
2017.0,Gers,Autre,5.29
2017.0,Gers,C,23.4
2017.0,Gers,D,17.96
2017.0,Gers,ED,24.24
2017.0,Gers,EG,21.08
2017.0,Gers,G,8.03
2017.0,Gironde,Autre,2.93
2017.0,Gironde,C,26.13
2017.0,Gironde,D,17.08
2017.0,Gironde,ED,22.44
2017.0,Gironde,EG,23.88
2017.0,Gironde,G,7.56
2017.0,Guadeloupe,Autre,2.04
2017.0,Guadeloupe,C,30.23
2017.0,Guadeloupe,D,14.53
2017.0,Guadeloupe,ED,15.33
2017.0,Guadeloupe,EG,27.94
2017.0,Guadeloupe,G,9.95
2017.0,Guyane,Autre,3.18
2017.0,Guyane,C,18.75
2017.0,Guyane,D,14.66
2017.0,Guyane,ED,26.06
2017.0,Guyane,EG,31.66
2017.0,Guyane,G,5.7
2017.0,Haut-Rhin,Autre,2.78
2017.0,Haut-Rhin,C,19.76
2017.0,Haut-Rhin,D,22.34
2017.0,Haut-Rhin,ED,34.23
2017.0,Haut-Rhin,EG,16.26
2017.0,Haut-Rhin,G,4.63
2017.0,Haute-Corse,Autre,6.6
2017.0,Haute-Corse,C,19.02
2017.0,Haute-Corse,D,25.44
2017.0,Haute-Corse,ED,29.97
2017.0,Haute-Corse,EG,15.0
2017.0,Haute-Corse,G,3.97
2017.0,Haute-Garonne,Autre,3.02
2017.0,Haute-Garonne,C,26.43
2017.0,Haute-Garonne,D,16.49
2017.0,Haute-Garonne,ED,20.58
2017.0,Haute-Garonne,EG,25.12
2017.0,Haute-Garonne,G,8.37
2017.0,Haute-Loire,Autre,3.18
2017.0,Haute-Loire,C,23.51
2017.0,Haute-Loire,D,18.6
2017.0,Haute-Loire,ED,29.04
2017.0,Haute-Loire,EG,20.34
2017.0,Haute-Loire,G,5.33
2017.0,Haute-Marne,Autre,2.08
2017.0,Haute-Marne,C,18.0
2017.0,Haute-Marne,D,19.12
2017.0,Haute-Marne,ED,39.48
2017.0,Haute-Marne,EG,17.11
2017.0,Haute-Marne,G,4.19
2017.0,Haute-Savoie,Autre,2.53
2017.0,Haute-Savoie,C,24.23
2017.0,Haute-Savoie,D,25.41
2017.0,Haute-Savoie,ED,24.83
2017.0,Haute-Savoie,EG,17.71
2017.0,Haute-Savoie,G,5.27
2017.0,Haute-Sane,Autre,2.13
2017.0,Haute-Sane,C,19.59
2017.0,Haute-Sane,D,18.05
2017.0,Haute-Sane,ED,37.22
2017.0,Haute-Sane,EG,18.28
2017.0,Haute-Sane,G,4.73
2017.0,Haute-Vienne,Autre,2.65
2017.0,Haute-Vienne,C,26.67
2017.0,Haute-Vienne,D,15.6
2017.0,Haute-Vienne,ED,22.66
2017.0,Haute-Vienne,EG,24.68
2017.0,Haute-Vienne,G,7.74
2017.0,Hautes-Alpes,Autre,2.94
2017.0,Hautes-Alpes,C,21.8
2017.0,Hautes-Alpes,D,19.15
2017.0,Hautes-Alpes,ED,26.93
2017.0,Hautes-Alpes,EG,23.3
2017.0,Hautes-Alpes,G,5.88
2017.0,Hautes-Pyrnes,Autre,5.83
2017.0,Hautes-Pyrnes,C,25.11
2017.0,Hautes-Pyrnes,D,14.48
2017.0,Hautes-Pyrnes,ED,22.78
2017.0,Hautes-Pyrnes,EG,24.69
2017.0,Hautes-Pyrnes,G,7.11
2017.0,Hauts-de-Seine,Autre,1.83
2017.0,Hauts-de-Seine,C,32.3
2017.0,Hauts-de-Seine,D,29.14
2017.0,Hauts-de-Seine,ED,10.33
2017.0,Hauts-de-Seine,EG,19.22
2017.0,Hauts-de-Seine,G,7.19
2017.0,Hrault,Autre,2.43
2017.0,Hrault,C,20.52
2017.0,Hrault,D,17.6
2017.0,Hrault,ED,29.39
2017.0,Hrault,EG,24.27
2017.0,Hrault,G,5.77
2017.0,Ille-et-Vilaine,Autre,1.6
2017.0,Ille-et-Vilaine,C,30.26
2017.0,Ille-et-Vilaine,D,19.03
2017.0,Ille-et-Vilaine,ED,18.6
2017.0,Ille-et-Vilaine,EG,21.6
2017.0,Ille-et-Vilaine,G,8.91
2017.0,Indre,Autre,2.39
2017.0,Indre,C,20.85
2017.0,Indre,D,19.46
2017.0,Indre,ED,29.91
2017.0,Indre,EG,21.45
2017.0,Indre,G,5.95
2017.0,Indre-et-Loire,Autre,1.83
2017.0,Indre-et-Loire,C,24.47
2017.0,Indre-et-Loire,D,21.24
2017.0,Indre-et-Loire,ED,24.41
2017.0,Indre-et-Loire,EG,21.32
2017.0,Indre-et-Loire,G,6.74
2017.0,Isre,Autre,2.15
2017.0,Isre,C,24.77
2017.0,Isre,D,17.05
2017.0,Isre,ED,27.43
2017.0,Isre,EG,22.02
2017.0,Isre,G,6.59
2017.0,Jura,Autre,2.41
2017.0,Jura,C,21.33
2017.0,Jura,D,18.97
2017.0,Jura,ED,29.85
2017.0,Jura,EG,22.37
2017.0,Jura,G,5.07
2017.0,La Runion,Autre,2.54
2017.0,La Runion,C,18.91
2017.0,La Runion,D,17.26
2017.0,La Runion,ED,26.35
2017.0,La Runion,EG,27.26
2017.0,La Runion,G,7.67
2017.0,Landes,Autre,5.15
2017.0,Landes,C,24.63
2017.0,Landes,D,17.13
2017.0,Landes,ED,22.59
2017.0,Landes,EG,21.81
2017.0,Landes,G,8.69
2017.0,Loir-et-Cher,Autre,1.94
2017.0,Loir-et-Cher,C,20.98
2017.0,Loir-et-Cher,D,22.07
2017.0,Loir-et-Cher,ED,31.13
2017.0,Loir-et-Cher,EG,18.23
2017.0,Loir-et-Cher,G,5.66
2017.0,Loire,Autre,2.35
2017.0,Loire,C,23.17
2017.0,Loire,D,18.36
2017.0,Loire,ED,29.88
2017.0,Loire,EG,20.45
2017.0,Loire,G,5.8
2017.0,Loire-Atlantique,Autre,1.67
2017.0,Loire-Atlantique,C,28.66
2017.0,Loire-Atlantique,D,19.68
2017.0,Loire-Atlantique,ED,18.2
2017.0,Loire-Atlantique,EG,23.76
2017.0,Loire-Atlantique,G,8.03
2017.0,Loiret,Autre,1.97
2017.0,Loiret,C,23.48
2017.0,Loiret,D,21.28
2017.0,Loiret,ED,29.47
2017.0,Loiret,EG,18.05
2017.0,Loiret,G,5.75
2017.0,Lot,Autre,3.76
2017.0,Lot,C,26.65
2017.0,Lot,D,16.66
2017.0,Lot,ED,20.24
2017.0,Lot,EG,25.51
2017.0,Lot,G,7.18
2017.0,Lot-et-Garonne,Autre,4.27
2017.0,Lot-et-Garonne,C,20.79
2017.0,Lot-et-Garonne,D,18.44
2017.0,Lot-et-Garonne,ED,30.01
2017.0,Lot-et-Garonne,EG,20.84
2017.0,Lot-et-Garonne,G,5.63
2017.0,Lozre,Autre,4.59
2017.0,Lozre,C,21.73
2017.0,Lozre,D,22.82
2017.0,Lozre,ED,23.45
2017.0,Lozre,EG,21.73
2017.0,Lozre,G,5.68
2017.0,Maine-et-Loire,Autre,1.69
2017.0,Maine-et-Loire,C,26.51
2017.0,Maine-et-Loire,D,23.73
2017.0,Maine-et-Loire,ED,22.5
2017.0,Maine-et-Loire,EG,19.14
2017.0,Maine-et-Loire,G,6.44
2017.0,Manche,Autre,1.73
2017.0,Manche,C,24.86
2017.0,Manche,D,21.6
2017.0,Manche,ED,26.19
2017.0,Manche,EG,19.22
2017.0,Manche,G,6.4
2017.0,Marne,Autre,1.81
2017.0,Marne,C,20.75
2017.0,Marne,D,22.15
2017.0,Marne,ED,33.82
2017.0,Marne,EG,16.8
2017.0,Marne,G,4.66
2017.0,Martinique,Autre,2.43
2017.0,Martinique,C,25.53
2017.0,Martinique,D,16.84
2017.0,Martinique,ED,13.08
2017.0,Martinique,EG,32.37
2017.0,Martinique,G,9.76
2017.0,Mayenne,Autre,1.69
2017.0,Mayenne,C,26.04
2017.0,Mayenne,D,27.06
2017.0,Mayenne,ED,22.51
2017.0,Mayenne,EG,17.01
2017.0,Mayenne,G,5.69
2017.0,Mayotte,Autre,2.27
2017.0,Mayotte,C,19.21
2017.0,Mayotte,D,32.62
2017.0,Mayotte,ED,30.27
2017.0,Mayotte,EG,11.3
2017.0,Mayotte,G,4.33
2017.0,Meurthe-et-Moselle,Autre,1.95
2017.0,Meurthe-et-Moselle,C,22.04
2017.0,Meurthe-et-Moselle,D,16.5
2017.0,Meurthe-et-Moselle,ED,30.95
2017.0,Meurthe-et-Moselle,EG,22.33
2017.0,Meurthe-et-Moselle,G,6.22
2017.0,Meuse,Autre,2.23
2017.0,Meuse,C,19.35
2017.0,Meuse,D,18.02
2017.0,Meuse,ED,38.67
2017.0,Meuse,EG,17.14
2017.0,Meuse,G,4.59
2017.0,Morbihan,Autre,1.91
2017.0,Morbihan,C,27.86
2017.0,Morbihan,D,20.88
2017.0,Morbihan,ED,22.47
2017.0,Morbihan,EG,19.54
2017.0,Morbihan,G,7.33
2017.0,Moselle,Autre,2.31
2017.0,Moselle,C,21.05
2017.0,Moselle,D,17.17
2017.0,Moselle,ED,34.17
2017.0,Moselle,EG,20.03
2017.0,Moselle,G,5.27
2017.0,Nivre,Autre,2.12
2017.0,Nivre,C,22.71
2017.0,Nivre,D,17.25
2017.0,Nivre,ED,30.11
2017.0,Nivre,EG,21.27
2017.0,Nivre,G,6.52
2017.0,Nord,Autre,1.65
2017.0,Nord,C,19.85
2017.0,Nord,D,16.75
2017.0,Nord,ED,33.04
2017.0,Nord,EG,23.06
2017.0,Nord,G,5.65
2017.0,Nouvelle-Caldonie,Autre,3.49
2017.0,Nouvelle-Caldonie,C,12.75
2017.0,Nouvelle-Caldonie,D,31.13
2017.0,Nouvelle-Caldonie,ED,31.99
2017.0,Nouvelle-Caldonie,EG,11.3
2017.0,Nouvelle-Caldonie,G,9.34
2017.0,Oise,Autre,2.04
2017.0,Oise,C,19.8
2017.0,Oise,D,17.54
2017.0,Oise,ED,36.35
2017.0,Oise,EG,19.59
2017.0,Oise,G,4.69
2017.0,Orne,Autre,1.88
2017.0,Orne,C,21.57
2017.0,Orne,D,24.74
2017.0,Orne,ED,29.62
2017.0,Orne,EG,16.98
2017.0,Orne,G,5.21
2017.0,Paris,Autre,1.42
2017.0,Paris,C,34.83
2017.0,Paris,D,26.45
2017.0,Paris,ED,6.66
2017.0,Paris,EG,20.46
2017.0,Paris,G,10.18
2017.0,Pas-de-Calais,Autre,1.53
2017.0,Pas-de-Calais,C,18.45
2017.0,Pas-de-Calais,D,14.29
2017.0,Pas-de-Calais,ED,39.32
2017.0,Pas-de-Calais,EG,21.25
2017.0,Pas-de-Calais,G,5.17
2017.0,Polynsie franaise,Autre,2.45
2017.0,Polynsie franaise,C,14.7
2017.0,Polynsie franaise,D,35.28
2017.0,Polynsie franaise,ED,34.88
2017.0,Polynsie franaise,EG,9.78
2017.0,Polynsie franaise,G,2.91
2017.0,Puy-de-Dme,Autre,3.09
2017.0,Puy-de-Dme,C,27.15
2017.0,Puy-de-Dme,D,16.39
2017.0,Puy-de-Dme,ED,22.06
2017.0,Puy-de-Dme,EG,24.08
2017.0,Puy-de-Dme,G,7.24
2017.0,Pyrnes-Atlantiques,Autre,8.38
2017.0,Pyrnes-Atlantiques,C,26.28
2017.0,Pyrnes-Atlantiques,D,18.16
2017.0,Pyrnes-Atlantiques,ED,17.46
2017.0,Pyrnes-Atlantiques,EG,21.98
2017.0,Pyrnes-Atlantiques,G,7.73
2017.0,Pyrnes-Orientales,Autre,2.77
2017.0,Pyrnes-Orientales,C,18.46
2017.0,Pyrnes-Orientales,D,17.19
2017.0,Pyrnes-Orientales,ED,33.7
2017.0,Pyrnes-Orientales,EG,22.83
2017.0,Pyrnes-Orientales,G,5.04
2017.0,Rhne,Autre,1.94
2017.0,Rhne,C,26.58
2017.0,Rhne,D,23.16
2017.0,Rhne,ED,20.59
2017.0,Rhne,EG,20.96
2017.0,Rhne,G,6.76
2017.0,Saint-Martin/Saint-Barthlemy,Autre,2.51
2017.0,Saint-Martin/Saint-Barthlemy,C,19.99
2017.0,Saint-Martin/Saint-Barthlemy,D,32.02
2017.0,Saint-Martin/Saint-Barthlemy,ED,26.07
2017.0,Saint-Martin/Saint-Barthlemy,EG,16.28
2017.0,Saint-Martin/Saint-Barthlemy,G,3.14
2017.0,Saint-Pierre-et-Miquelon,Autre,3.76
2017.0,Saint-Pierre-et-Miquelon,C,17.97
2017.0,Saint-Pierre-et-Miquelon,D,9.92
2017.0,Saint-Pierre-et-Miquelon,ED,21.16
2017.0,Saint-Pierre-et-Miquelon,EG,38.94
2017.0,Saint-Pierre-et-Miquelon,G,8.24
2017.0,Sarthe,Autre,1.47
2017.0,Sarthe,C,20.04
2017.0,Sarthe,D,28.61
2017.0,Sarthe,ED,25.04
2017.0,Sarthe,EG,19.5
2017.0,Sarthe,G,5.33
2017.0,Savoie,Autre,2.56
2017.0,Savoie,C,23.13
2017.0,Savoie,D,21.04
2017.0,Savoie,ED,27.37
2017.0,Savoie,EG,20.2
2017.0,Savoie,G,5.69
2017.0,Sane-et-Loire,Autre,2.0
2017.0,Sane-et-Loire,C,22.33
2017.0,Sane-et-Loire,D,19.39
2017.0,Sane-et-Loire,ED,30.4
2017.0,Sane-et-Loire,EG,19.7
2017.0,Sane-et-Loire,G,6.19
2017.0,Seine-Maritime,Autre,1.59
2017.0,Seine-Maritime,C,21.23
2017.0,Seine-Maritime,D,17.24
2017.0,Seine-Maritime,ED,29.71
2017.0,Seine-Maritime,EG,24.19
2017.0,Seine-Maritime,G,6.05
2017.0,Seine-Saint-Denis,Autre,2.39
2017.0,Seine-Saint-Denis,C,24.04
2017.0,Seine-Saint-Denis,D,12.76
2017.0,Seine-Saint-Denis,ED,16.66
2017.0,Seine-Saint-Denis,EG,35.74
2017.0,Seine-Saint-Denis,G,8.41
2017.0,Seine-et-Marne,Autre,2.14
2017.0,Seine-et-Marne,C,23.11
2017.0,Seine-et-Marne,D,17.77
2017.0,Seine-et-Marne,ED,28.95
2017.0,Seine-et-Marne,EG,22.31
2017.0,Seine-et-Marne,G,5.7
2017.0,Somme,Autre,1.63
2017.0,Somme,C,21.75
2017.0,Somme,D,16.22
2017.0,Somme,ED,35.21
2017.0,Somme,EG,20.73
2017.0,Somme,G,4.46
2017.0,Tarn,Autre,4.01
2017.0,Tarn,C,22.14
2017.0,Tarn,D,17.56
2017.0,Tarn,ED,27.31
2017.0,Tarn,EG,22.33
2017.0,Tarn,G,6.64
2017.0,Tarn-et-Garonne,Autre,3.58
2017.0,Tarn-et-Garonne,C,20.65
2017.0,Tarn-et-Garonne,D,17.71
2017.0,Tarn-et-Garonne,ED,31.62
2017.0,Tarn-et-Garonne,EG,20.61
2017.0,Tarn-et-Garonne,G,5.84
2017.0,Territoire de Belfort,Autre,2.47
2017.0,Territoire de Belfort,C,20.64
2017.0,Territoire de Belfort,D,17.7
2017.0,Territoire de Belfort,ED,32.16
2017.0,Territoire de Belfort,EG,21.17
2017.0,Territoire de Belfort,G,5.85
2017.0,Val-d'Oise,Autre,2.32
2017.0,Val-d'Oise,C,25.31
2017.0,Val-d'Oise,D,18.45
2017.0,Val-d'Oise,ED,21.7
2017.0,Val-d'Oise,EG,25.38
2017.0,Val-d'Oise,G,6.84
2017.0,Val-de-Marne,Autre,2.03
2017.0,Val-de-Marne,C,28.33
2017.0,Val-de-Marne,D,20.21
2017.0,Val-de-Marne,ED,15.82
2017.0,Val-de-Marne,EG,25.84
2017.0,Val-de-Marne,G,7.77
2017.0,Var,Autre,2.25
2017.0,Var,C,17.73
2017.0,Var,D,24.87
2017.0,Var,ED,35.19
2017.0,Var,EG,16.51
2017.0,Var,G,3.44
2017.0,Vaucluse,Autre,2.36
2017.0,Vaucluse,C,18.52
2017.0,Vaucluse,D,18.97
2017.0,Vaucluse,ED,35.13
2017.0,Vaucluse,EG,20.7
2017.0,Vaucluse,G,4.31
2017.0,Vende,Autre,1.73
2017.0,Vende,C,26.26
2017.0,Vende,D,25.5
2017.0,Vende,ED,24.31
2017.0,Vende,EG,17.12
2017.0,Vende,G,5.1
2017.0,Vienne,Autre,2.24
2017.0,Vienne,C,24.88
2017.0,Vienne,D,17.96
2017.0,Vienne,ED,24.79
2017.0,Vienne,EG,23.04
2017.0,Vienne,G,7.09
2017.0,Vosges,Autre,2.47
2017.0,Vosges,C,19.86
2017.0,Vosges,D,18.03
2017.0,Vosges,ED,35.65
2017.0,Vosges,EG,19.02
2017.0,Vosges,G,4.96
2017.0,Wallis et Futuna,Autre,1.81
2017.0,Wallis et Futuna,C,30.48
2017.0,Wallis et Futuna,D,28.53
2017.0,Wallis et Futuna,ED,8.59
2017.0,Wallis et Futuna,EG,5.37
2017.0,Wallis et Futuna,G,25.22
2017.0,Yonne,Autre,2.22
2017.0,Yonne,C,19.63
2017.0,Yonne,D,19.91
2017.0,Yonne,ED,34.84
2017.0,Yonne,EG,18.6
2017.0,Yonne,G,4.79
2017.0,Yvelines,Autre,1.96
2017.0,Yvelines,C,28.86
2017.0,Yvelines,D,27.25
2017.0,Yvelines,ED,17.26
2017.0,Yvelines,EG,17.75
2017.0,Yvelines,G,6.93
